id,rada_id,gender,surname,firstname,patronymic,faction,faction_position,committee,committee_position,int_organization,int_post,type_elect,party_id,num_in_party,district_num,region_id,date_oath,resignation_date,resignation_reason,birthday,presentAuto_present,presentAuto_absent,assistants_count_all,assistants_count_2,assistants_count_3,assistants_count_4,surname_en,firstname_en,patronymic_en
18090,35,1,Єфімов,Максим,Вікторович,,,3016.0,8.0,48.0,4.0,1,50,,48,14,2019-08-29T00:00:00,,,1974-11-01T00:00:00,24,3,18.0,3.0,3.0,3.0,Yefimov,Maksym,Viktorovych
21110,130,1,Іванісов,Роман,Валерійович,3025.0,918.0,3003.0,8.0,48.0,4.0,1,50,,153,56,2019-08-29T00:00:00,,,1978-11-02T00:00:00,27,0,10.0,3.0,3.0,3.0,Ivanisov,Roman,Valeriiovych
21112,162,1,Іванов,Володимир,Ілліч,3025.0,918.0,3014.0,8.0,78.0,17.0,1,226,,185,65,2019-08-29T00:00:00,,,1982-07-14T00:00:00,22,5,3.0,1.0,1.0,1.0,Ivanov,Volodymyr,Illich
15654,70,1,Іванчук,Андрій,Володимирович,,,,,313.0,3.0,1,50,,88,26,2019-08-29T00:00:00,,,1973-06-16T00:00:00,20,7,2.0,2.0,2.0,2.0,Ivanchuk,Andrii,Volodymyrovych
15733,12,1,Івахів,Степан,Петрович,3030.0,920.0,3006.0,916.0,27.0,4.0,1,50,,21,7,2019-08-29T00:00:00,,,1968-01-24T00:00:00,19,8,7.0,4.0,4.0,4.0,Ivakhiv,Stepan,Petrovych
18055,385,1,Івченко,Вадим,Євгенович,3027.0,918.0,3002.0,8.0,78.0,17.0,2,50,24,,,2019-08-29T00:00:00,,,1980-01-29T00:00:00,26,1,15.0,4.0,4.0,4.0,Ivchenko,Vadym,Yevhenovych
15672,408,2,Іонова,Марія,Миколаївна,3028.0,918.0,3047.0,917.0,76.0,718.0,2,228,23,,,2019-08-29T00:00:00,,,1978-05-31T00:00:00,26,1,8.0,3.0,3.0,3.0,Ionova,Mariia,Mykolaivna
21113,237,1,Іонушас,Сергій,Костянтинович,3025.0,918.0,3018.0,5.0,48.0,4.0,2,50,38,,,2019-08-29T00:00:00,,,1979-10-18T00:00:00,27,0,3.0,0.0,0.0,0.0,Ionushas,Serhii,Kostiantynovych
793,336,1,Іоффе,Юлій,Якович,3026.0,918.0,3008.0,5.0,74.0,497.0,2,227,12,,,2019-08-29T00:00:00,,,1940-12-10T00:00:00,27,0,5.0,1.0,1.0,1.0,Ioffe,Yulii,Yakovych
21114,339,1,Ісаєнко,Дмитро,Валерійович,3026.0,918.0,3014.0,7.0,,,2,227,15,,,2019-08-29T00:00:00,,,1967-08-30T00:00:00,20,7,11.0,3.0,3.0,3.0,Isaienko,Dmytro,Valeriiovych
2524,372,1,Абдуллін,Олександр,Рафкатович,3027.0,918.0,3005.0,7.0,27.0,4.0,2,17,11,,,2019-08-29T00:00:00,,,1962-06-29T00:00:00,23,4,10.0,7.0,7.0,7.0,Abdullin,Oleksandr,Rafkatovych
20964,338,1,Абрамович,Ігор,Олександрович,3026.0,918.0,3023.0,5.0,48.0,4.0,2,227,14,,,2019-08-29T00:00:00,,,1984-08-24T00:00:00,25,2,3.0,1.0,1.0,1.0,Abramovych,Ihor,Oleksandrovych
20965,131,1,Аліксійчук,Олександр,Васильович,3025.0,918.0,3131.0,917.0,61.0,4.0,1,50,,154,56,2019-08-29T00:00:00,,,1981-03-06T00:00:00,25,2,6.0,3.0,3.0,3.0,Aliksiichuk,Oleksandr,Vasylovych
17993,405,1,Алєксєєв,Сергій,Олегович,3028.0,918.0,3065.0,917.0,27.0,4.0,2,228,20,,,2019-08-29T00:00:00,,,1977-02-09T00:00:00,27,0,7.0,1.0,1.0,1.0,Alieksieiev,Serhii,Olehovych
20966,312,2,Аллахвердієва,Ірина,Валеріївна,3025.0,918.0,3175.0,917.0,48.0,4.0,2,50,116,,,2019-08-29T00:00:00,,,1978-08-26T00:00:00,23,4,2.0,2.0,2.0,2.0,Allakhverdiieva,Iryna,Valeriivna
20967,233,1,Ананченко,Михайло,Олегович,3025.0,918.0,3070.0,917.0,76.0,101.0,2,226,34,,,2019-08-29T00:00:00,,,1994-11-17T00:00:00,27,0,2.0,2.0,2.0,2.0,Ananchenko,Mykhailo,Olehovych
20968,69,1,Андрійович,Зіновій,Мирославович,3025.0,918.0,3041.0,917.0,27.0,4.0,1,50,,87,26,2019-08-29T00:00:00,,,1972-01-10T00:00:00,25,2,2.0,2.0,2.0,2.0,Andriiovych,Zinovii,Myroslavovych
11118,402,1,Ар'єв,Володимир,Ігорович,3028.0,918.0,3024.0,8.0,928.0,4.0,2,228,17,,,2019-08-29T00:00:00,,,1975-03-31T00:00:00,15,12,5.0,3.0,3.0,3.0,Ariev,Volodymyr,Ihorovych
20970,241,1,Арістов,Юрій,Юрійович,3025.0,918.0,3004.0,4.0,48.0,4.0,2,50,42,,,2019-08-29T00:00:00,,,1975-07-01T00:00:00,21,6,4.0,2.0,2.0,2.0,Aristov,Yurii,Yuriiovych
20969,204,1,Арахамія,Давид,Георгійович,,,3025.0,1028.0,48.0,1.0,2,50,4,,,2019-08-29T00:00:00,,,1979-05-23T00:00:00,15,12,2.0,1.0,1.0,1.0,Arakhamiia,Davyd,Heorhiiovych
18058,46,1,Арешонков,Володимир,Юрійович,,,3018.0,8.0,27.0,4.0,1,50,,64,18,2019-08-29T00:00:00,,,1957-12-17T00:00:00,27,0,7.0,3.0,3.0,3.0,Areshonkov,Volodymyr,Yuriiovych
20971,172,1,Арсенюк,Олег,Олексійович,3025.0,918.0,3021.0,8.0,928.0,4.0,1,50,,195,71,2019-08-29T00:00:00,,,1986-08-21T00:00:00,24,3,14.0,3.0,3.0,3.0,Arseniuk,Oleh,Oleksiiovych
20982,6,2,Білозір,Лариса,Миколаївна,3030.0,920.0,3125.0,917.0,48.0,4.0,1,50,,15,5,2019-08-29T00:00:00,,,1981-09-24T00:00:00,26,1,16.0,2.0,2.0,2.0,Bilozir,Larysa,Mykolaivna
15684,378,2,Бєлькова,Ольга,Валентинівна,3027.0,918.0,3163.0,917.0,77.0,17.0,2,50,17,,,2019-08-29T00:00:00,,,1975-06-16T00:00:00,23,4,6.0,3.0,3.0,3.0,Bielkova,Olha,Valentynivna
20975,247,1,Бабій,Роман,Вячеславович,3025.0,918.0,3017.0,8.0,928.0,4.0,2,50,48,,,2019-08-29T00:00:00,,,1977-07-06T00:00:00,26,1,4.0,3.0,3.0,3.0,Babii,Roman,Viacheslavovych
20972,211,1,Бабак,Сергій,Віталійович,3025.0,918.0,3015.0,4.0,,,2,50,11,,,2019-08-29T00:00:00,,,1978-07-31T00:00:00,27,0,1.0,0.0,0.0,0.0,Babak,Serhii,Vitaliiovych
20974,72,1,Бабенко,Микола,Вікторович,,,3021.0,7.0,,,1,50,,90,32,2019-08-29T00:00:00,,,1980-09-17T00:00:00,18,9,2.0,2.0,2.0,2.0,Babenko,Mykola,Viktorovych
20976,150,1,Бакумов,Олександр,Сергійович,3025.0,918.0,3067.0,917.0,61.0,4.0,1,50,,173,63,2019-08-29T00:00:00,,,1989-04-25T00:00:00,27,0,7.0,2.0,2.0,2.0,Bakumov,Oleksandr,Serhiiovych
20977,99,1,Бакунець,Павло,Андрійович,,,3017.0,8.0,27.0,4.0,1,50,,122,46,2019-08-29T00:00:00,,,1987-07-10T00:00:00,26,1,6.0,3.0,3.0,3.0,Bakunets,Pavlo,Andriiovych
5566,51,1,Балога,Віктор,Іванович,3030.0,920.0,3014.0,8.0,,,1,192,,69,21,2019-08-29T00:00:00,,,1963-06-15T00:00:00,26,1,9.0,2.0,2.0,2.0,Baloha,Viktor,Ivanovych
19958,261,2,Бардіна,Марина,Олегівна,3025.0,918.0,3053.0,1033.0,75.0,16.0,2,50,62,,,2019-08-29T00:00:00,,,1992-12-17T00:00:00,23,4,8.0,1.0,1.0,1.0,Bardina,Maryna,Olehivna
18063,100,1,Батенко,Тарас,Іванович,3030.0,1042.0,3004.0,8.0,27.0,4.0,1,224,,123,46,2019-08-29T00:00:00,,,1974-06-20T00:00:00,27,0,8.0,5.0,5.0,5.0,Batenko,Taras,Ivanovych
20978,275,1,Безгін,Віталій,Юрійович,3025.0,918.0,3123.0,917.0,20.0,4.0,2,50,77,,,2019-08-29T00:00:00,,,1990-04-18T00:00:00,27,0,4.0,1.0,1.0,1.0,Bezghin,Vitalii,Yuriiovych
20979,194,2,Безугла,Мар'яна,Володимирівна,3025.0,918.0,3071.0,1033.0,48.0,4.0,1,50,,217,85,2019-08-29T00:00:00,,,1988-05-17T00:00:00,26,1,6.0,2.0,2.0,2.0,Bezuhla,Mariana,Volodymyrivna
20980,210,1,Беленюк,Жан,Венсанович,3025.0,918.0,3012.0,916.0,61.0,4.0,2,50,10,,,2019-08-29T00:00:00,,,1991-01-24T00:00:00,15,12,12.0,2.0,2.0,2.0,Beleniuk,Zhan,Vensanovych
20981,128,1,Березін,Максим,Юрійович,3025.0,918.0,3075.0,917.0,20.0,4.0,1,50,,151,53,2019-08-29T00:00:00,,,1984-05-09T00:00:00,24,3,5.0,1.0,1.0,1.0,Berezin,Maksym,Yuriiovych
20983,122,1,Боблях,Андрій,Ростиславович,3025.0,918.0,3005.0,8.0,61.0,4.0,1,50,,145,53,2019-08-29T00:00:00,,,1985-03-05T00:00:00,25,2,2.0,2.0,2.0,2.0,Bobliakh,Andrii,Rostyslavovych
20984,417,2,Бобровська,Соломія,Анатоліївна,3029.0,918.0,3010.0,7.0,20.0,2.0,2,229,9,,,2019-08-29T00:00:00,,,1989-12-20T00:00:00,21,6,7.0,2.0,2.0,2.0,Bobrovska,Solomiia,Anatoliivna
20985,140,1,Богданець,Андрій,Володимирович,3025.0,918.0,3150.0,917.0,259.0,359.0,1,50,,163,61,2019-08-29T00:00:00,,,1983-07-13T00:00:00,25,2,6.0,1.0,1.0,1.0,Bohdanets,Andrii,Volodymyrovych
20986,292,2,Богуцька,Єлізавета,Петрівна,3025.0,918.0,3005.0,8.0,,,2,50,95,,,2019-08-29T00:00:00,,,1964-04-14T00:00:00,25,2,3.0,1.0,1.0,1.0,Bohutska,Yelizaveta,Petrivna
20987,181,1,Божик,Валерій,Іванович,3025.0,918.0,3017.0,5.0,,,1,50,,204,74,2019-08-29T00:00:00,,,1971-03-27T00:00:00,25,2,6.0,2.0,2.0,2.0,Bozhyk,Valerii,Ivanovych
11094,325,1,Бойко,Юрій,Анатолійович,3026.0,1050.0,3016.0,8.0,,,2,227,1,,,2019-08-29T00:00:00,,,1958-10-09T00:00:00,26,1,14.0,4.0,4.0,4.0,Boiko,Yurii,Anatoliiovych
15826,168,1,Бондар,Віктор,Васильович,3030.0,1042.0,3022.0,8.0,928.0,4.0,1,50,,191,68,2019-08-29T00:00:00,,,1975-11-05T00:00:00,27,0,15.0,3.0,3.0,3.0,Bondar,Viktor,Vasylovych
20988,197,2,Бондар,Ганна,Вячеславівна,3025.0,918.0,3127.0,917.0,61.0,4.0,1,50,,220,85,2019-08-29T00:00:00,,,1975-02-23T00:00:00,21,6,6.0,2.0,2.0,2.0,Bondar,Hanna,Viacheslavivna
18066,96,1,Бондар,Михайло,Леонтійович,3028.0,918.0,3140.0,917.0,27.0,4.0,1,50,,119,46,2019-08-29T00:00:00,,,1973-11-17T00:00:00,27,0,11.0,3.0,3.0,3.0,Bondar,Mykhailo,Leontiiovych
11153,375,1,Бондарєв,Костянтин,Анатолійович,3027.0,918.0,3104.0,917.0,74.0,497.0,2,17,14,,,2019-08-29T00:00:00,,,1972-09-13T00:00:00,24,3,6.0,3.0,3.0,3.0,Bondariev,Kostiantyn,Anatoliiovych
20989,259,1,Бондаренко,Олег,Володимирович,3025.0,918.0,3006.0,4.0,61.0,4.0,2,50,60,,,2019-08-29T00:00:00,,,1975-11-03T00:00:00,24,3,12.0,3.0,3.0,3.0,Bondarenko,Oleh,Volodymyrovych
20990,5,2,Борзова,Ірина,Наумівна,3025.0,918.0,3037.0,917.0,48.0,4.0,1,50,,14,5,2019-08-29T00:00:00,,,1982-08-28T00:00:00,21,6,5.0,1.0,1.0,1.0,Borzova,Iryna,Naumivna
20991,29,1,Бородін,Владислав,Валерійович,3025.0,918.0,3018.0,8.0,61.0,4.0,1,50,,38,12,2019-08-29T00:00:00,,,1971-06-18T00:00:00,25,2,3.0,2.0,2.0,2.0,Borodin,Vladyslav,Valeriiovych
8731,352,1,Борт,Віталій,Петрович,3026.0,918.0,3004.0,8.0,,,2,227,28,,,2019-08-29T00:00:00,,,1972-09-01T00:00:00,22,5,4.0,2.0,2.0,2.0,Bort,Vitalii,Petrovych
20992,274,1,Брагар,Євгеній,Вадимович,3025.0,918.0,3020.0,5.0,928.0,4.0,2,50,76,,,2019-08-29T00:00:00,,,1994-05-30T00:00:00,25,2,3.0,3.0,3.0,3.0,Brahar,Yevhenii,Vadymovych
20993,16,1,Бужанський,Максим,Аркадійович,3025.0,918.0,3018.0,8.0,,,1,50,,25,12,2019-08-29T00:00:00,,,1974-11-24T00:00:00,27,0,4.0,2.0,2.0,2.0,Buzhanskyi,Maksym,Arkadiiovych
20994,200,2,Буймістер,Людмила,Анатоліївна,3025.0,918.0,3161.0,917.0,27.0,4.0,1,50,,223,85,2019-08-29T00:00:00,,,1985-11-05T00:00:00,13,14,,,,,Buimister,Liudmyla,Anatoliivna
20995,286,2,Булах,Лада,Валентинівна,3025.0,918.0,3085.0,917.0,48.0,4.0,2,50,89,,,2019-08-29T00:00:00,,,1976-02-11T00:00:00,26,1,6.0,1.0,1.0,1.0,Bulakh,Lada,Valentynivna
20996,80,1,Бунін,Сергій,Валерійович,3025.0,918.0,3002.0,8.0,27.0,4.0,1,50,,98,32,2019-08-29T00:00:00,,,1971-05-03T00:00:00,25,2,2.0,2.0,2.0,2.0,Bunin,Serhii,Valeriiovych
20997,344,1,Бурміч,Анатолій,Петрович,3026.0,918.0,3003.0,8.0,20.0,4.0,2,227,20,,,2019-08-29T00:00:00,,,1962-08-13T00:00:00,25,2,7.0,1.0,1.0,1.0,Burmich,Anatolii,Petrovych
21011,313,2,Вінтоняк,Олена,Василівна,3025.0,918.0,3180.0,917.0,61.0,4.0,2,226,117,,,2019-08-29T00:00:00,,,1979-03-29T00:00:00,25,2,4.0,2.0,2.0,2.0,Vintoniak,Olena,Vasylivna
20998,160,2,Вагнєр,Вікторія,Олександрівна,3025.0,918.0,3009.0,8.0,27.0,4.0,1,50,,183,65,2019-08-29T00:00:00,,,1981-05-21T00:00:00,24,3,4.0,1.0,1.0,1.0,Vahnier,Viktoriia,Oleksandrivna
11120,409,1,Вакарчук,Святослав,Іванович,3029.0,918.0,3010.0,8.0,27.0,4.0,2,229,1,,,2019-08-29T00:00:00,,,1975-05-14T00:00:00,17,10,4.0,1.0,1.0,1.0,Vakarchuk,Sviatoslav,Ivanovych
21001,141,1,Василів,Ігор,Володимирович,3025.0,918.0,3022.0,8.0,259.0,359.0,1,50,,164,61,2019-08-29T00:00:00,,,1979-11-16T00:00:00,26,1,3.0,1.0,1.0,1.0,Vasyliv,Ihor,Volodymyrovych
20999,78,2,Василевська-Смаглюк,Ольга,Михайлівна,3025.0,918.0,3164.0,917.0,61.0,4.0,1,50,,96,32,2019-08-29T00:00:00,,,1985-06-23T00:00:00,23,4,9.0,3.0,3.0,3.0,Vasylevska-Smahliuk,Olha,Mykhailivna
21000,424,2,Василенко,Леся,Володимирівна,3029.0,918.0,3004.0,8.0,75.0,16.0,2,229,17,,,2019-08-29T00:00:00,,,1987-03-31T00:00:00,15,12,7.0,2.0,2.0,2.0,Vasylenko,Lesia,Volodymyrivna
21002,135,1,Васильєв,Ігор,Сергійович,3025.0,918.0,3024.0,8.0,928.0,4.0,1,50,,158,59,2019-08-29T00:00:00,,,1984-08-25T00:00:00,20,7,5.0,1.0,1.0,1.0,Vasyliev,Ihor,Serhiiovych
21003,116,1,Васильковський,Ігор,Ігорович,3025.0,918.0,3099.0,917.0,,,1,50,,139,51,2019-08-29T00:00:00,,,1985-03-31T00:00:00,16,11,8.0,1.0,1.0,1.0,Vasylkovskyi,Ihor,Ihorovych
21004,95,2,Васильченко,Галина,Іванівна,3029.0,918.0,3023.0,8.0,27.0,4.0,1,50,,118,46,2019-08-29T00:00:00,,,1983-10-24T00:00:00,26,1,8.0,2.0,2.0,2.0,Vasylchenko,Halyna,Ivanivna
21005,270,1,Ватрас,Володимир,Антонович,3025.0,918.0,3017.0,8.0,527.0,4.0,2,50,72,,,2019-08-29T00:00:00,,,1980-02-12T00:00:00,26,1,17.0,2.0,2.0,2.0,Vatras,Volodymyr,Antonovych
21006,7,1,Вацак,Геннадій,Анатолійович,3030.0,920.0,3022.0,7.0,,,1,50,,16,5,2019-08-29T00:00:00,,,1972-02-09T00:00:00,22,5,4.0,1.0,1.0,1.0,Vatsak,Hennadii,Anatoliiovych
17961,404,1,Величкович,Микола,Романович,3028.0,918.0,3022.0,8.0,834.0,17.0,2,50,19,,,2019-08-29T00:00:00,,,1972-11-18T00:00:00,27,0,7.0,3.0,3.0,3.0,Velychkovych,Mykola,Romanovych
21007,89,1,Вельможний,Сергій,Анатолійович,,,3017.0,8.0,61.0,4.0,1,225,,112,43,2019-08-29T00:00:00,,,1976-06-25T00:00:00,27,0,5.0,2.0,2.0,2.0,Velmozhnyi,Serhii,Anatoliiovych
21009,285,1,Веніславський,Федір,Володимирович,3025.0,918.0,3013.0,8.0,,,2,50,88,,,2019-08-29T00:00:00,,,1969-05-16T00:00:00,23,4,6.0,1.0,1.0,1.0,Venislavskyi,Fedir,Volodymyrovych
21008,203,2,Венедіктова,Ірина,Валентинівна,3025.0,918.0,3017.0,4.0,,,2,50,3,,,2019-08-29T00:00:00,,,1978-09-21T00:00:00,26,1,2.0,2.0,2.0,2.0,Venediktova,Iryna,Valentynivna
21010,229,2,Верещук,Ірина,Андріївна,3025.0,918.0,3072.0,917.0,574.0,359.0,2,50,29,,,2019-08-29T00:00:00,,,1979-11-30T00:00:00,20,7,6.0,0.0,0.0,0.0,Vereshchuk,Iryna,Andriivna
12265,370,1,Власенко,Сергій,Володимирович,3027.0,918.0,3017.0,8.0,61.0,4.0,2,17,9,,,2019-08-29T00:00:00,,,1967-03-07T00:00:00,14,13,3.0,2.0,2.0,2.0,Vlasenko,Serhii,Volodymyrovych
5417,381,1,Волинець,Михайло,Якович,3027.0,918.0,3143.0,917.0,928.0,4.0,2,50,20,,,2019-08-29T00:00:00,,,1956-10-30T00:00:00,19,8,16.0,4.0,4.0,4.0,Volynets,Mykhailo,Yakovych
21012,264,2,Володіна,Дар'я,Артемівна,3025.0,918.0,3173.0,917.0,834.0,17.0,2,50,65,,,2019-08-29T00:00:00,,,1991-04-16T00:00:00,26,1,1.0,0.0,0.0,0.0,Volodina,Daria,Artemivna
21013,354,1,Волошин,Олег,Анатолійович,3026.0,918.0,3011.0,5.0,75.0,17.0,2,227,30,,,2019-08-29T00:00:00,,,1981-04-07T00:00:00,20,7,8.0,2.0,2.0,2.0,Voloshyn,Oleh,Anatoliiovych
21014,240,1,Воронов,Володимир,Анатолійович,3025.0,918.0,3076.0,917.0,61.0,4.0,2,226,41,,,2019-08-29T00:00:00,,,1978-08-23T00:00:00,21,6,2.0,1.0,1.0,1.0,Voronov,Volodymyr,Anatoliiovych
21015,85,1,Воронько,Олег,Євгенійович,3025.0,918.0,3023.0,8.0,259.0,359.0,1,50,,103,35,2019-08-29T00:00:00,,,1974-05-15T00:00:00,27,0,6.0,1.0,1.0,1.0,Voronko,Oleh,Yevheniiovych
21016,105,1,Гайду,Олександр,Васильович,3025.0,918.0,3156.0,917.0,427.0,16.0,1,50,,128,48,2019-08-29T00:00:00,,,1976-01-28T00:00:00,21,6,2.0,1.0,1.0,1.0,Haidu,Oleksandr,Vasylovych
21017,243,1,Галайчук,Вадим,Сергійович,3025.0,918.0,3011.0,916.0,77.0,16.0,2,50,44,,,2019-08-29T00:00:00,,,1971-02-14T00:00:00,21,6,4.0,3.0,3.0,3.0,Halaichuk,Vadym,Serhiiovych
21018,79,1,Галушко,Микола,Леонідович,3025.0,918.0,3018.0,8.0,27.0,4.0,1,50,,97,32,2019-08-29T00:00:00,,,1979-12-05T00:00:00,24,3,17.0,4.0,4.0,4.0,Halushko,Mykola,Leonidovych
21019,144,1,Гевко,Володимир,Леонідович,3025.0,918.0,3004.0,5.0,27.0,4.0,1,50,,167,61,2019-08-29T00:00:00,,,1975-08-20T00:00:00,27,0,6.0,2.0,2.0,2.0,Hevko,Volodymyr,Leonidovych
21020,44,1,Герасименко,Ігор,Леонідович,3025.0,918.0,3013.0,8.0,48.0,4.0,1,50,,62,18,2019-08-29T00:00:00,,,1984-01-05T00:00:00,25,2,9.0,1.0,1.0,1.0,Herasymenko,Ihor,Leonidovych
17985,396,1,Герасимов,Артур,Володимирович,3028.0,1050.0,3002.0,8.0,27.0,4.0,2,228,11,,,2019-08-29T00:00:00,,,1972-08-23T00:00:00,25,2,3.0,2.0,2.0,2.0,Herasymov,Artur,Volodymyrovych
11121,388,2,Геращенко,Ірина,Володимирівна,3028.0,1050.0,3010.0,8.0,27.0,4.0,2,228,3,,,2019-08-29T00:00:00,,,1971-05-15T00:00:00,27,0,7.0,3.0,3.0,3.0,Herashchenko,Iryna,Volodymyrivna
15827,169,1,Герега,Олександр,Володимирович,3030.0,920.0,3167.0,917.0,928.0,4.0,1,230,,192,68,2019-08-29T00:00:00,,,1967-06-27T00:00:00,23,4,23.0,1.0,1.0,1.0,Hereha,Oleksandr,Volodymyrovych
21021,26,1,Герман,Денис,Вадимович,3025.0,918.0,3063.0,917.0,27.0,4.0,1,50,,35,12,2019-08-29T00:00:00,,,1981-09-08T00:00:00,25,2,7.0,2.0,2.0,2.0,Herman,Denys,Vadymovych
21022,217,1,Герус,Андрій,Михайлович,3025.0,918.0,3008.0,4.0,527.0,4.0,2,50,17,,,2019-08-29T00:00:00,,,1982-03-18T00:00:00,19,8,2.0,1.0,1.0,1.0,Herus,Andrii,Mykhailovych
21023,220,1,Гетманцев,Данило,Олександрович,3025.0,918.0,3023.0,4.0,,,2,50,20,,,2019-08-29T00:00:00,,,1978-04-26T00:00:00,24,3,9.0,1.0,1.0,1.0,Hetmantsev,Danylo,Oleksandrovych
21024,36,1,Гнатенко,Валерій,Сергійович,3026.0,918.0,3004.0,8.0,48.0,4.0,1,227,,49,14,2019-08-29T00:00:00,,,1967-02-03T00:00:00,25,2,10.0,3.0,3.0,3.0,Hnatenko,Valerii,Serhiiovych
17984,114,1,Гончаренко,Олексій,Олексійович,3028.0,918.0,3004.0,8.0,75.0,16.0,1,50,,137,51,2019-08-29T00:00:00,,,1980-09-16T00:00:00,25,2,4.0,2.0,2.0,2.0,Honcharenko,Oleksii,Oleksiiovych
21025,305,1,Горбенко,Руслан,Олександрович,3025.0,918.0,3016.0,5.0,61.0,4.0,2,50,109,,,2019-08-29T00:00:00,,,1979-03-12T00:00:00,23,4,6.0,0.0,0.0,0.0,Horbenko,Ruslan,Oleksandrovych
18075,50,1,Горват,Роберт,Іванович,,,3176.0,917.0,27.0,4.0,1,50,,68,21,2019-08-29T00:00:00,,,1969-02-17T00:00:00,27,0,13.0,9.0,9.0,9.0,Horvat,Robert,Ivanovych
21026,113,1,Горенюк,Олександр,Олександрович,3025.0,918.0,3022.0,8.0,928.0,4.0,1,50,,136,51,2019-08-29T00:00:00,,,1991-08-08T00:00:00,25,2,4.0,2.0,2.0,2.0,Horeniuk,Oleksandr,Oleksandrovych
14603,77,1,Горобець,Олександр,Сергійович,3025.0,918.0,3133.0,917.0,928.0,4.0,1,50,,95,32,2019-08-29T00:00:00,,,1978-02-15T00:00:00,27,0,3.0,3.0,3.0,3.0,Horobets,Oleksandr,Serhiiovych
21027,86,2,Гриб,Вікторія,Олександрівна,,,3008.0,8.0,,,1,50,,105,43,2019-08-29T00:00:00,,,1968-06-19T00:00:00,27,0,10.0,2.0,2.0,2.0,Hryb,Viktoriia,Oleksandrivna
21028,310,1,Гривко,Сергій,Дмитрович,3025.0,918.0,3021.0,8.0,48.0,4.0,2,226,114,,,2019-08-29T00:00:00,,,1985-12-12T00:00:00,23,4,1.0,1.0,1.0,1.0,Hryvko,Serhii,Dmytrovych
21029,266,2,Гринчук,Оксана,Анатоліївна,3025.0,918.0,3096.0,917.0,61.0,4.0,2,50,67,,,2019-08-29T00:00:00,,,1979-06-20T00:00:00,26,1,2.0,2.0,2.0,2.0,Hrynchuk,Oksana,Anatoliivna
21327,430,2,Гришина,Юлія,Миколаївна,3025.0,918.0,3015.0,8.0,48.0,4.0,2,50,133,,,2019-09-03T00:00:00,,,1978-06-16T00:00:00,22,3,4.0,2.0,2.0,2.0,Hryshyna,Yuliia,Mykolaivna
21030,48,2,Грищенко,Тетяна,Миколаївна,3025.0,918.0,3002.0,8.0,20.0,4.0,1,50,,66,18,2019-08-29T00:00:00,,,1979-08-27T00:00:00,26,1,9.0,2.0,2.0,2.0,Hryshchenko,Tetiana,Mykolaivna
21031,199,1,Грищук,Роман,Павлович,3025.0,918.0,3015.0,8.0,48.0,4.0,1,50,,222,85,2019-08-29T00:00:00,,,1989-08-27T00:00:00,25,2,5.0,1.0,1.0,1.0,Hryshchuk,Roman,Pavlovych
21032,138,1,Гузенко,Максим,Васильович,3025.0,918.0,3002.0,8.0,27.0,4.0,1,50,,161,59,2019-08-29T00:00:00,,,1981-06-08T00:00:00,21,6,12.0,0.0,0.0,0.0,Huzenko,Maksym,Vasylovych
14674,10,1,Гузь,Ігор,Володимирович,3030.0,920.0,3014.0,5.0,20.0,4.0,1,50,,19,7,2019-08-29T00:00:00,,,1982-01-11T00:00:00,27,0,3.0,3.0,3.0,3.0,Huz,Ihor,Volodymyrovych
21033,195,1,Гурін,Дмитро,Олександрович,3025.0,918.0,3124.0,917.0,257.0,359.0,1,50,,218,85,2019-08-29T00:00:00,,,1982-03-24T00:00:00,20,7,2.0,0.0,0.0,0.0,Hurin,Dmytro,Oleksandrovych
21036,231,2,Діденко,Юлія,Олександрівна,3025.0,918.0,3169.0,917.0,61.0,4.0,2,50,32,,,2019-08-29T00:00:00,,,1978-05-08T00:00:00,26,1,2.0,1.0,1.0,1.0,Didenko,Yuliia,Oleksandrivna
18079,185,1,Давиденко,Валерій,Миколайович,,,3007.0,8.0,573.0,33.0,1,50,,208,77,2019-08-29T00:00:00,,,1973-03-16T00:00:00,27,0,1.0,1.0,1.0,1.0,Davydenko,Valerii,Mykolaiovych
11147,377,1,Данілов,Віталій,Богданович,3027.0,918.0,3018.0,8.0,61.0,4.0,2,17,16,,,2019-08-29T00:00:00,,,1967-06-10T00:00:00,17,10,10.0,4.0,4.0,4.0,Danilov,Vitalii,Bohdanovych
21034,81,1,Дануца,Олександр,Анатолійович,3025.0,918.0,3066.0,917.0,61.0,4.0,1,226,,99,35,2019-08-29T00:00:00,,,1980-01-29T00:00:00,27,0,6.0,2.0,2.0,2.0,Danutsa,Oleksandr,Anatoliiovych
21035,20,1,Демченко,Сергій,Олексійович,3025.0,918.0,3017.0,8.0,928.0,4.0,1,50,,29,12,2019-08-29T00:00:00,,,1976-03-13T00:00:00,25,2,2.0,1.0,1.0,1.0,Demchenko,Serhii,Oleksiiovych
2284,136,1,Деркач,Андрій,Леонідович,,,,,,,1,50,,159,59,2019-08-29T00:00:00,,,1967-08-19T00:00:00,17,10,11.0,2.0,2.0,2.0,Derkach,Andrii,Leonidovych
2394,391,1,Джемілєв,Мустафа,,3028.0,918.0,3016.0,8.0,78.0,16.0,2,50,6,,,2019-08-29T00:00:00,,,1943-11-13T00:00:00,20,7,,,,,Dzhemiliev,Mustafa,None
8358,109,1,Дирдін,Максим,Євгенович,3025.0,918.0,3017.0,8.0,527.0,4.0,1,50,,132,48,2019-08-29T00:00:00,,,1982-10-11T00:00:00,27,0,6.0,1.0,1.0,1.0,Dyrdin,Maksym,Yevhenovych
21037,302,2,Дмитрієва,Оксана,Олександрівна,3025.0,918.0,3086.0,1033.0,20.0,4.0,2,50,106,,,2019-08-29T00:00:00,,,1980-04-26T00:00:00,23,4,6.0,3.0,3.0,3.0,Dmytriieva,Oksana,Oleksandrivna
21038,110,1,Дмитрук,Артем,Геннадійович,3025.0,918.0,3018.0,8.0,,,1,50,,133,51,2019-08-29T00:00:00,,,1993-06-28T00:00:00,27,0,2.0,0.0,0.0,0.0,Dmytruk,Artem,Hennadiiovych
18086,84,1,Довгий,Олесь,Станіславович,,,3082.0,917.0,,,1,50,,102,35,2019-08-29T00:00:00,,,1980-11-01T00:00:00,22,5,3.0,3.0,3.0,3.0,Dovhyi,Oles,Stanislavovych
21039,3,1,Драбовський,Анатолій,Григорович,3025.0,918.0,3004.0,8.0,928.0,3.0,1,50,,12,5,2019-08-29T00:00:00,,,1958-08-01T00:00:00,21,6,19.0,3.0,3.0,3.0,Drabovskyi,Anatolii,Hryhorovych
12272,371,1,Дубіль,Валерій,Олександрович,3027.0,918.0,3090.0,1034.0,,,2,17,10,,,2019-08-29T00:00:00,,,1973-09-26T00:00:00,23,4,14.0,3.0,3.0,3.0,Dubil,Valerii,Oleksandrovych
21040,76,1,Дубінський,Олександр,Анатолійович,3025.0,918.0,3023.0,5.0,834.0,17.0,1,50,,94,32,2019-08-29T00:00:00,,,1981-04-18T00:00:00,4,23,15.0,4.0,4.0,4.0,Dubinskyi,Oleksandr,Anatoliiovych
15790,97,1,Дубневич,Ярослав,Васильович,3030.0,920.0,3087.0,917.0,928.0,4.0,1,50,,120,46,2019-08-29T00:00:00,,,1969-08-07T00:00:00,27,0,4.0,4.0,4.0,4.0,Dubnevych,Yaroslav,Vasylovych
21041,190,1,Дубнов,Артем,Васильович,3025.0,918.0,3009.0,5.0,928.0,4.0,1,50,,213,85,2019-08-29T00:00:00,,,1988-08-30T00:00:00,19,8,3.0,2.0,2.0,2.0,Dubnov,Artem,Vasylovych
15780,333,1,Дунаєв,Сергій,Володимирович,3026.0,918.0,3004.0,8.0,80.0,17.0,2,227,9,,,2019-08-29T00:00:00,,,1973-08-19T00:00:00,27,0,8.0,4.0,4.0,4.0,Dunaiev,Serhii,Volodymyrovych
21042,73,1,Дунда,Олег,Андрійович,3025.0,918.0,3128.0,917.0,20.0,4.0,1,50,,91,32,2019-08-29T00:00:00,,,1980-03-06T00:00:00,23,4,7.0,1.0,1.0,1.0,Dunda,Oleh,Andriiovych
21043,412,1,Железняк,Ярослав,Іванович,3029.0,1029.0,3023.0,916.0,61.0,5.0,2,229,4,,,2019-08-29T00:00:00,,,1989-10-20T00:00:00,26,1,4.0,2.0,2.0,2.0,Zhelezniak,Yaroslav,Ivanovych
15304,167,1,Жмеренецький,Олексій,Сергійович,3025.0,918.0,3003.0,8.0,61.0,4.0,1,50,,190,68,2019-08-29T00:00:00,,,1986-10-28T00:00:00,26,1,13.0,4.0,4.0,4.0,Zhmerenetskyi,Oleksii,Serhiiovych
21044,306,1,Жупанин,Андрій,Вікторович,3025.0,918.0,3139.0,917.0,61.0,4.0,2,50,110,,,2019-08-29T00:00:00,,,1989-07-19T00:00:00,25,2,1.0,1.0,1.0,1.0,Zhupanyn,Andrii,Viktorovych
21106,392,2,Зінкевич,Яна,Вадимівна,3028.0,918.0,3089.0,1041.0,48.0,4.0,2,50,7,,,2019-08-29T00:00:00,,,1995-07-02T00:00:00,26,1,3.0,3.0,3.0,3.0,Zinkevych,Yana,Vadymivna
21045,279,1,Заблоцький,Мар'ян,Богданович,3025.0,918.0,3172.0,917.0,48.0,2.0,2,50,82,,,2019-08-29T00:00:00,,,1985-09-21T00:00:00,26,1,3.0,0.0,0.0,0.0,Zablotskyi,Marian,Bohdanovych
21046,389,1,Забродський,Михайло,Віталійович,3028.0,918.0,3013.0,916.0,928.0,4.0,2,50,4,,,2019-08-29T00:00:00,,,1973-01-24T00:00:00,24,3,3.0,3.0,3.0,3.0,Zabrodskyi,Mykhailo,Vitaliiovych
21047,193,2,Забуранна,Леся,Валентинівна,3025.0,918.0,3058.0,917.0,27.0,5.0,1,50,,216,85,2019-08-29T00:00:00,,,1981-08-22T00:00:00,21,6,8.0,3.0,3.0,3.0,Zaburanna,Lesia,Valentynivna
21048,238,1,Завітневич,Олександр,Михайлович,3025.0,918.0,3013.0,4.0,527.0,4.0,2,50,39,,,2019-08-29T00:00:00,,,1973-04-19T00:00:00,14,13,3.0,2.0,2.0,2.0,Zavitnevych,Oleksandr,Mykhailovych
21049,343,1,Загородній,Юрій,Іванович,3026.0,918.0,3093.0,917.0,930.0,359.0,2,227,19,,,2019-08-29T00:00:00,,,1959-05-07T00:00:00,26,1,5.0,3.0,3.0,3.0,Zahorodnii,Yurii,Ivanovych
10826,258,2,Загоруйко,Аліна,Леонідівна,3025.0,918.0,3121.0,1033.0,20.0,4.0,2,50,59,,,2019-08-29T00:00:00,,,1984-04-11T00:00:00,24,3,2.0,1.0,1.0,1.0,Zahoruiko,Alina,Leonidivna
21101,139,1,Задорожній,Микола,Миколайович,3025.0,918.0,3004.0,8.0,61.0,4.0,1,50,,162,59,2019-08-29T00:00:00,,,1984-12-05T00:00:00,22,5,12.0,4.0,4.0,4.0,Zadorozhnii,Mykola,Mykolaiovych
21050,315,1,Задорожний,Андрій,Вікторович,3025.0,918.0,3006.0,8.0,930.0,359.0,2,50,119,,,2019-08-29T00:00:00,,,1968-05-21T00:00:00,26,1,4.0,2.0,2.0,2.0,Zadorozhnyi,Andrii,Viktorovych
21102,179,1,Заремський,Максим,Валентинович,3025.0,918.0,3004.0,8.0,,,1,50,,202,74,2019-08-29T00:00:00,,,1991-09-26T00:00:00,26,1,1.0,1.0,1.0,1.0,Zaremskyi,Maksym,Valentynovych
21103,314,1,Заславський,Юрій,Іванович,3025.0,918.0,3009.0,8.0,61.0,4.0,2,226,118,,,2019-08-29T00:00:00,,,1982-03-06T00:00:00,22,5,4.0,1.0,1.0,1.0,Zaslavskyi,Yurii,Ivanovych
21104,22,1,Захарченко,Володимир,Васильович,3025.0,918.0,3018.0,8.0,48.0,4.0,1,226,,31,12,2019-08-29T00:00:00,,,1971-01-27T00:00:00,27,0,3.0,2.0,2.0,2.0,Zakharchenko,Volodymyr,Vasylovych
21105,149,1,Здебський,Юрій,Вікторович,3025.0,918.0,3013.0,8.0,48.0,4.0,1,50,,172,63,2019-08-29T00:00:00,,,1972-12-24T00:00:00,27,0,10.0,5.0,5.0,5.0,Zdebskyi,Yurii,Viktorovych
21108,184,1,Зуєв,Максим,Сергійович,3025.0,918.0,3105.0,917.0,61.0,4.0,1,50,,207,77,2019-08-29T00:00:00,,,1982-04-14T00:00:00,27,0,4.0,1.0,1.0,1.0,Zuiev,Maksym,Serhiiovych
21107,186,1,Зуб,Валерій,Олексійович,3025.0,918.0,3114.0,917.0,527.0,4.0,1,50,,209,77,2019-08-29T00:00:00,,,1970-03-04T00:00:00,23,4,11.0,3.0,3.0,3.0,Zub,Valerii,Oleksiiovych
21132,148,2,Кінзбурська,Вікторія,Олександрівна,3025.0,918.0,3023.0,8.0,20.0,4.0,1,50,,171,63,2019-08-29T00:00:00,,,1980-10-23T00:00:00,26,1,5.0,4.0,4.0,4.0,Kinzburska,Viktoriia,Oleksandrivna
13942,342,1,Кісільов,Ігор,Петрович,3026.0,918.0,3008.0,8.0,27.0,4.0,2,227,18,,,2019-08-29T00:00:00,,,1984-12-02T00:00:00,22,5,3.0,1.0,1.0,1.0,Kisilov,Ihor,Petrovych
21133,242,1,Кісєль,Юрій,Григорович,3025.0,1029.0,3022.0,4.0,61.0,4.0,2,50,43,,,2019-08-29T00:00:00,,,1963-02-28T00:00:00,24,3,5.0,1.0,1.0,1.0,Kisiel,Yurii,Hryhorovych
7371,119,1,Кіссе,Антон,Іванович,3030.0,920.0,3004.0,8.0,,,1,50,,142,51,2019-08-29T00:00:00,,,1958-10-10T00:00:00,26,1,13.0,7.0,7.0,7.0,Kisse,Anton,Ivanovych
18094,103,1,Кіт,Андрій,Богданович,,,3136.0,917.0,,,1,50,,126,46,2019-08-29T00:00:00,,,1971-11-02T00:00:00,27,0,7.0,3.0,3.0,3.0,Kit,Andrii,Bohdanovych
21115,284,1,Кабанов,Олександр,Євгенійович,3025.0,918.0,3005.0,8.0,527.0,4.0,2,226,87,,,2019-08-29T00:00:00,,,1973-08-06T00:00:00,18,9,3.0,2.0,2.0,2.0,Kabanov,Oleksandr,Yevheniiovych
21117,384,1,Кабаченко,Володимир,Вікторович,3027.0,918.0,3003.0,7.0,48.0,4.0,2,50,23,,,2019-08-29T00:00:00,,,1987-07-01T00:00:00,26,1,4.0,3.0,3.0,3.0,Kabachenko,Volodymyr,Viktorovych
21326,429,1,Калаур,Іван,Романович,3025.0,918.0,3016.0,8.0,20.0,4.0,2,50,132,,,2019-09-03T00:00:00,,,1968-07-04T00:00:00,19,6,9.0,2.0,2.0,2.0,Kalaur,Ivan,Romanovych
12612,348,1,Кальцев,Володимир,Федорович,3026.0,918.0,3014.0,8.0,48.0,4.0,2,227,24,,,2019-08-29T00:00:00,,,1966-06-16T00:00:00,25,2,7.0,2.0,2.0,2.0,Kaltsev,Volodymyr,Fedorovych
21120,224,1,Кальченко,Сергій,Віталійович,3025.0,918.0,3019.0,4.0,75.0,16.0,2,50,24,,,2019-08-29T00:00:00,,,1964-12-30T00:00:00,27,0,2.0,2.0,2.0,2.0,Kalchenko,Serhii,Vitaliiovych
21122,101,1,Камельчук,Юрій,Олександрович,3025.0,918.0,3008.0,8.0,75.0,17.0,1,50,,124,46,2019-08-29T00:00:00,,,1980-02-12T00:00:00,24,3,8.0,3.0,3.0,3.0,Kamelchuk,Yurii,Oleksandrovych
21124,27,1,Каптєлов,Роман,Володимирович,3025.0,918.0,3004.0,8.0,,,1,50,,36,12,2019-08-29T00:00:00,,,1980-03-16T00:00:00,25,2,5.0,2.0,2.0,2.0,Kaptielov,Roman,Volodymyrovych
21125,56,1,Касай,Геннадій,Олександрович,3025.0,918.0,3013.0,8.0,61.0,4.0,1,50,,74,23,2019-08-29T00:00:00,,,1972-11-28T00:00:00,26,1,14.0,2.0,2.0,2.0,Kasai,Hennadii,Oleksandrovych
21126,126,1,Касай,Костянтин,Іванович,3025.0,918.0,3113.0,917.0,27.0,4.0,1,50,,149,53,2019-08-29T00:00:00,,,1979-09-27T00:00:00,22,5,1.0,1.0,1.0,1.0,Kasai,Kostiantyn,Ivanovych
17457,360,1,Качний,Олександр,Сталіноленович,3026.0,918.0,3005.0,8.0,27.0,4.0,2,227,36,,,2019-08-29T00:00:00,,,1968-10-23T00:00:00,27,0,4.0,1.0,1.0,1.0,Kachnyi,Oleksandr,Stalinolenovych
21127,248,1,Качура,Олександр,Анатолійович,3025.0,918.0,3014.0,5.0,77.0,17.0,2,226,49,,,2019-08-29T00:00:00,,,1990-08-18T00:00:00,24,3,8.0,2.0,2.0,2.0,Kachura,Oleksandr,Anatoliiovych
21128,358,1,Кива,Ілля,Володимирович,3026.0,918.0,3018.0,8.0,48.0,4.0,2,227,34,,,2019-08-29T00:00:00,,,1977-06-02T00:00:00,24,3,8.0,2.0,2.0,2.0,Kyva,Illia,Volodymyrovych
1351,367,1,Кириленко,Іван,Григорович,3027.0,918.0,3080.0,1074.0,78.0,16.0,2,17,6,,,2019-08-29T00:00:00,,,1956-10-02T00:00:00,27,0,8.0,3.0,3.0,3.0,Kyrylenko,Ivan,Hryhorovych
21129,252,1,Кириченко,Микола,Олександрович,3025.0,918.0,3002.0,8.0,48.0,4.0,2,50,53,,,2019-08-29T00:00:00,,,1983-12-12T00:00:00,27,0,4.0,0.0,0.0,0.0,Kyrychenko,Mykola,Oleksandrovych
21130,15,1,Кисилевський,Дмитро,Давидович,3025.0,918.0,3007.0,5.0,48.0,4.0,1,50,,24,12,2019-08-29T00:00:00,,,1983-04-23T00:00:00,24,3,6.0,3.0,3.0,3.0,Kysylevskyi,Dmytro,Davydovych
21131,45,1,Кицак,Богдан,Вікторович,3025.0,918.0,3007.0,8.0,77.0,17.0,1,50,,63,18,2019-08-29T00:00:00,,,1992-09-02T00:00:00,25,2,7.0,1.0,1.0,1.0,Kytsak,Bohdan,Viktorovych
21134,410,2,Клименко,Юлія,Леонідівна,3029.0,918.0,3022.0,916.0,78.0,16.0,2,229,2,,,2019-08-29T00:00:00,,,1976-10-05T00:00:00,23,4,1.0,1.0,1.0,1.0,Klymenko,Yuliia,Leonidivna
17997,395,2,Климпуш-Цинцадзе,Іванна,Орестівна,3028.0,918.0,3011.0,4.0,928.0,4.0,2,50,10,,,2019-08-29T00:00:00,,,1972-07-05T00:00:00,27,0,6.0,3.0,3.0,3.0,Klympush-Tsyntsadze,Ivanna,Orestivna
21135,280,1,Клочко,Андрій,Андрійович,3025.0,918.0,3014.0,4.0,82.0,17.0,2,50,83,,,2019-08-29T00:00:00,,,1981-03-16T00:00:00,23,4,12.0,2.0,2.0,2.0,Klochko,Andrii,Andriiovych
15645,93,1,Княжицький,Микола,Леонідович,3028.0,918.0,3005.0,8.0,527.0,4.0,1,50,,116,46,2019-08-29T00:00:00,,,1968-06-02T00:00:00,27,0,6.0,3.0,3.0,3.0,Kniazhytskyi,Mykola,Leonidovych
1897,406,1,Князевич,Руслан,Петрович,3028.0,918.0,3017.0,8.0,928.0,4.0,2,228,21,,,2019-08-29T00:00:00,,,1974-06-28T00:00:00,27,0,4.0,2.0,2.0,2.0,Kniazevych,Ruslan,Petrovych
21136,234,2,Коваленко,Анна,Миколаївна,,,,,,,2,50,35,,,2019-08-29T00:00:00,2019-09-10T00:00:00,НДУ Особиста письмова заява про складення повноважень,1991-05-05T00:00:00,3,1,,,,,Kovalenko,Anna,Mykolaivna
21137,257,2,Коваль,Ольга,Володимирівна,3025.0,918.0,3078.0,917.0,928.0,4.0,2,226,58,,,2019-08-29T00:00:00,,,1991-06-17T00:00:00,26,1,8.0,2.0,2.0,2.0,Koval,Olha,Volodymyrivna
21138,244,1,Ковальов,Артем,Володимирович,3025.0,918.0,3100.0,917.0,27.0,4.0,2,50,45,,,2019-08-29T00:00:00,,,1984-03-02T00:00:00,22,5,2.0,1.0,1.0,1.0,Kovalov,Artem,Volodymyrovych
21140,163,1,Ковальов,Олексій,Іванович,3025.0,918.0,3170.0,917.0,78.0,17.0,1,50,,186,65,2019-08-29T00:00:00,,,1989-01-19T00:00:00,25,2,3.0,2.0,2.0,2.0,Kovalov,Oleksii,Ivanovych
21139,38,1,Ковальов,Олександр,Іванович,,,3013.0,8.0,27.0,4.0,1,50,,51,14,2019-08-29T00:00:00,,,1967-10-07T00:00:00,26,1,5.0,2.0,2.0,2.0,Kovalov,Oleksandr,Ivanovych
14168,129,1,Ковальчук,Олександр,Володимирович,3025.0,918.0,3023.0,5.0,48.0,4.0,1,50,,152,56,2019-08-29T00:00:00,,,1974-02-05T00:00:00,25,2,4.0,3.0,3.0,3.0,Kovalchuk,Oleksandr,Volodymyrovych
8786,368,1,Кожем'якін,Андрій,Анатолійович,3027.0,918.0,3012.0,4.0,82.0,16.0,2,17,7,,,2019-08-29T00:00:00,,,1965-11-13T00:00:00,22,5,14.0,4.0,4.0,4.0,Kozhemiakin,Andrii,Anatoliiovych
16818,267,1,Козак,Володимир,Васильович,3025.0,918.0,3022.0,8.0,61.0,4.0,2,50,68,,,2019-08-29T00:00:00,,,1984-06-09T00:00:00,27,0,2.0,0.0,0.0,0.0,Kozak,Volodymyr,Vasylovych
18034,334,1,Козак,Тарас,Романович,3026.0,918.0,3023.0,8.0,74.0,497.0,2,227,10,,,2019-08-29T00:00:00,,,1972-04-06T00:00:00,26,1,2.0,2.0,2.0,2.0,Kozak,Taras,Romanovych
21144,291,2,Колісник,Анна,Сергіївна,3025.0,918.0,3023.0,8.0,61.0,4.0,2,50,94,,,2019-08-29T00:00:00,,,1994-10-24T00:00:00,27,0,2.0,2.0,2.0,2.0,Kolisnyk,Anna,Serhiivna
21142,111,1,Колєв,Олег,Вікторович,3025.0,918.0,3018.0,8.0,27.0,4.0,1,50,,134,51,2019-08-29T00:00:00,,,1973-05-09T00:00:00,27,0,3.0,2.0,2.0,2.0,Koliev,Oleh,Viktorovych
21141,117,1,Колебошин,Сергій,Валерійович,3025.0,918.0,3015.0,5.0,27.0,4.0,1,50,,140,51,2019-08-29T00:00:00,,,1977-11-22T00:00:00,26,1,13.0,2.0,2.0,2.0,Koleboshyn,Serhii,Valeriiovych
21143,161,1,Колихаєв,Ігор,Вікторович,3030.0,920.0,3002.0,5.0,48.0,4.0,1,50,,184,65,2019-08-29T00:00:00,,,1971-05-08T00:00:00,26,1,11.0,2.0,2.0,2.0,Kolykhaiev,Ihor,Viktorovych
21149,346,1,Колтунович,Олександр,Сергійович,3026.0,918.0,3157.0,917.0,76.0,718.0,2,227,22,,,2019-08-29T00:00:00,,,1987-11-04T00:00:00,24,3,14.0,1.0,1.0,1.0,Koltunovych,Oleksandr,Serhiiovych
21150,74,1,Колюх,Валерій,Вікторович,3025.0,918.0,3079.0,917.0,74.0,497.0,1,50,,92,32,2019-08-29T00:00:00,,,1973-04-18T00:00:00,24,3,8.0,5.0,5.0,5.0,Koliukh,Valerii,Viktorovych
11166,366,2,Кондратюк,Олена,Костянтинівна,1.0,3.0,,,527.0,4.0,2,17,5,,,2019-08-29T00:00:00,,,1970-11-17T00:00:00,27,0,6.0,2.0,2.0,2.0,Kondratiuk,Olena,Kostiantynivna
20103,14,2,Констанкевич,Ірина,Мирославівна,3030.0,920.0,3005.0,916.0,27.0,6.0,1,224,,23,7,2019-08-29T00:00:00,,,1965-06-23T00:00:00,27,0,5.0,3.0,3.0,3.0,Konstankevych,Iryna,Myroslavivna
21151,166,2,Копанчук,Олена,Євгенівна,3025.0,918.0,3004.0,5.0,48.0,4.0,1,50,,189,68,2019-08-29T00:00:00,,,1978-11-01T00:00:00,26,1,1.0,1.0,1.0,1.0,Kopanchuk,Olena,Yevhenivna
129,432,1,Копиленко,Олександр,Любимович,3025.0,918.0,,,,,2,50,135,,,2019-10-15T00:00:00,,,1961-06-26T00:00:00,5,0,1.0,0.0,0.0,0.0,Kopylenko,Oleksandr,Liubymovych
21152,106,1,Копитін,Ігор,Володимирович,3025.0,918.0,3073.0,917.0,48.0,4.0,1,50,,129,48,2019-08-29T00:00:00,,,1981-02-12T00:00:00,26,1,8.0,2.0,2.0,2.0,Kopytin,Ihor,Volodymyrovych
21153,207,1,Корнієнко,Олександр,Сергійович,3025.0,1009.0,3122.0,917.0,27.0,4.0,2,226,7,,,2019-08-29T00:00:00,,,1984-05-12T00:00:00,25,2,6.0,4.0,4.0,4.0,Korniienko,Oleksandr,Serhiiovych
8693,328,2,Королевська,Наталія,Юріївна,3026.0,918.0,3021.0,5.0,77.0,17.0,2,227,4,,,2019-08-29T00:00:00,,,1975-05-18T00:00:00,18,9,3.0,2.0,2.0,2.0,Korolevska,Nataliia,Yuriivna
21154,24,1,Корявченков,Юрій,Валерійович,3025.0,1029.0,3102.0,917.0,48.0,4.0,1,226,,33,12,2019-08-29T00:00:00,,,1974-11-26T00:00:00,26,1,8.0,3.0,3.0,3.0,Koriavchenkov,Yurii,Valeriiovych
21156,304,1,Костін,Андрій,Євгенович,3025.0,918.0,3119.0,1033.0,527.0,4.0,2,50,108,,,2019-08-29T00:00:00,,,1973-04-17T00:00:00,26,1,13.0,2.0,2.0,2.0,Kostin,Andrii,Yevhenovych
21155,421,1,Костенко,Роман,Васильович,3029.0,918.0,3013.0,7.0,48.0,4.0,2,50,14,,,2019-08-29T00:00:00,,,1983-10-21T00:00:00,25,2,3.0,0.0,0.0,0.0,Kostenko,Roman,Vasylovych
21157,47,1,Костюк,Дмитро,Сергійович,3025.0,918.0,3151.0,917.0,20.0,4.0,1,50,,65,18,2019-08-29T00:00:00,,,1993-06-01T00:00:00,24,3,3.0,2.0,2.0,2.0,Kostiuk,Dmytro,Serhiiovych
21158,273,1,Костюх,Анатолій,Вячеславович,3025.0,918.0,3012.0,5.0,27.0,4.0,2,226,75,,,2019-08-29T00:00:00,,,1988-03-25T00:00:00,26,1,4.0,1.0,1.0,1.0,Kostiukh,Anatolii,Viacheslavovych
21159,308,2,Кравчук,Євгенія,Михайлівна,3025.0,1029.0,3005.0,5.0,928.0,4.0,2,50,112,,,2019-08-29T00:00:00,,,1985-12-23T00:00:00,21,6,7.0,1.0,1.0,1.0,Kravchuk,Yevheniia,Mykhailivna
21160,208,2,Красносільська,Анастасія,Олегівна,3025.0,918.0,3003.0,4.0,,,2,50,8,,,2019-08-29T00:00:00,,,1984-06-23T00:00:00,23,4,,,,,Krasnosilska,Anastasiia,Olehivna
21161,157,1,Красов,Олексій,Ігорович,3025.0,918.0,3003.0,8.0,20.0,4.0,1,50,,180,63,2019-08-29T00:00:00,,,1987-11-13T00:00:00,24,3,10.0,0.0,0.0,0.0,Krasov,Oleksii,Ihorovych
21162,319,1,Крейденко,Володимир,Вікторович,3025.0,918.0,3022.0,5.0,82.0,17.0,2,50,123,,,2019-08-29T00:00:00,,,1987-05-08T00:00:00,26,1,9.0,2.0,2.0,2.0,Kreidenko,Volodymyr,Viktorovych
21163,23,2,Криворучкіна,Олена,Володимирівна,3025.0,918.0,3006.0,5.0,930.0,359.0,1,226,,32,12,2019-08-29T00:00:00,,,1971-10-18T00:00:00,27,0,3.0,1.0,1.0,1.0,Kryvoruchkina,Olena,Volodymyrivna
21164,236,1,Кривошеєв,Ігор,Сергійович,3025.0,918.0,3045.0,917.0,80.0,17.0,2,226,37,,,2019-08-29T00:00:00,,,1985-06-02T00:00:00,24,3,4.0,4.0,4.0,4.0,Kryvosheiev,Ihor,Serhiiovych
21165,212,1,Криклій,Владислав,Артурович,,,,,,,2,50,12,,,2019-08-29T00:00:00,2019-08-29T00:00:00,НДУ Особиста письмова заява про складення повноважень,1986-11-23T00:00:00,1,0,,,,,Kryklii,Vladyslav,Arturovych
6073,373,1,Крулько,Іван,Іванович,3027.0,918.0,3004.0,916.0,27.0,5.0,2,17,12,,,2019-08-29T00:00:00,,,1981-07-20T00:00:00,24,3,5.0,3.0,3.0,3.0,Krulko,Ivan,Ivanovych
21166,260,1,Крячко,Михайло,Валерійович,3025.0,918.0,3024.0,4.0,,,2,226,61,,,2019-08-29T00:00:00,,,1980-05-24T00:00:00,27,0,3.0,1.0,1.0,1.0,Kriachko,Mykhailo,Valeriiovych
15649,397,1,Кубів,Степан,Іванович,3028.0,918.0,3007.0,8.0,930.0,359.0,2,228,12,,,2019-08-29T00:00:00,,,1962-03-19T00:00:00,27,0,2.0,1.0,1.0,1.0,Kubiv,Stepan,Ivanovych
21167,230,1,Кубраков,Олександр,Миколайович,3025.0,918.0,3016.0,8.0,,,2,50,30,,,2019-08-29T00:00:00,,,1982-08-20T00:00:00,25,2,,,,,Kubrakov,Oleksandr,Mykolaiovych
21168,83,1,Кузбит,Юрій,Михайлович,3025.0,918.0,3055.0,917.0,76.0,101.0,1,50,,101,35,2019-08-29T00:00:00,,,1977-03-29T00:00:00,20,7,4.0,1.0,1.0,1.0,Kuzbyt,Yurii,Mykhailovych
21169,87,1,Кузнєцов,Олексій,Олександрович,3025.0,918.0,3112.0,917.0,48.0,4.0,1,50,,106,43,2019-08-29T00:00:00,,,1979-12-02T00:00:00,24,3,9.0,4.0,4.0,4.0,Kuznietsov,Oleksii,Oleksandrovych
21170,359,1,Кузьмін,Ренат,Равелійович,3026.0,918.0,3005.0,8.0,,,2,227,35,,,2019-08-29T00:00:00,,,1967-07-12T00:00:00,26,1,5.0,0.0,0.0,0.0,Kuzmin,Renat,Raveliiovych
21171,49,1,Кузьміних,Сергій,Володимирович,3025.0,918.0,3084.0,917.0,48.0,4.0,1,50,,67,18,2019-08-29T00:00:00,,,1983-01-17T00:00:00,23,4,7.0,1.0,1.0,1.0,Kuzminykh,Serhii,Volodymyrovych
15804,124,1,Кулініч,Олег,Іванович,,,3023.0,8.0,,,1,50,,147,53,2019-08-29T00:00:00,,,1966-11-25T00:00:00,27,0,11.0,2.0,2.0,2.0,Kulinich,Oleh,Ivanovych
21172,250,1,Культенко,Артем,Валерійович,3025.0,1029.0,3019.0,5.0,27.0,4.0,2,50,51,,,2019-08-29T00:00:00,,,1984-01-08T00:00:00,25,2,2.0,0.0,0.0,0.0,Kultenko,Artem,Valeriiovych
21173,296,1,Кунаєв,Артем,Юрійович,3025.0,918.0,3004.0,8.0,20.0,4.0,2,50,100,,,2019-08-29T00:00:00,,,1992-04-29T00:00:00,27,0,1.0,1.0,1.0,1.0,Kunaiev,Artem,Yuriiovych
21174,146,1,Куницький,Олександр,Олегович,3025.0,918.0,3018.0,8.0,27.0,4.0,1,50,,169,63,2019-08-29T00:00:00,,,1983-08-25T00:00:00,26,1,4.0,1.0,1.0,1.0,Kunytskyi,Oleksandr,Olehovych
18112,8,1,Кучер,Микола,Іванович,3030.0,920.0,3002.0,8.0,928.0,4.0,1,104,,17,5,2019-08-29T00:00:00,,,1959-08-24T00:00:00,27,0,7.0,2.0,2.0,2.0,Kucher,Mykola,Ivanovych
21175,156,1,Кучер,Олексій,Володимирович,3025.0,918.0,3120.0,917.0,61.0,4.0,1,50,,179,63,2019-08-29T00:00:00,,,1985-03-23T00:00:00,26,1,4.0,2.0,2.0,2.0,Kucher,Oleksii,Volodymyrovych
2287,379,1,Кучеренко,Олексій,Юрійович,3027.0,918.0,3008.0,916.0,257.0,359.0,2,50,18,,,2019-08-29T00:00:00,,,1961-04-03T00:00:00,27,0,7.0,2.0,2.0,2.0,Kucherenko,Oleksii,Yuriiovych
21190,155,1,Літвінов,Олександр,Миколайович,3025.0,918.0,3132.0,917.0,48.0,4.0,1,50,,178,63,2019-08-29T00:00:00,,,1972-01-21T00:00:00,26,1,10.0,3.0,3.0,3.0,Litvinov,Oleksandr,Mykolaiovych
21191,21,2,Лічман,Ганна,Василівна,3025.0,918.0,3158.0,917.0,20.0,4.0,1,50,,30,12,2019-08-29T00:00:00,,,1978-01-31T00:00:00,25,2,1.0,1.0,1.0,1.0,Lichman,Hanna,Vasylivna
21176,52,1,Лаба,Михайло,Михайлович,3025.0,918.0,3004.0,8.0,48.0,4.0,1,50,,70,21,2019-08-29T00:00:00,,,1975-10-29T00:00:00,26,1,19.0,2.0,2.0,2.0,Laba,Mykhailo,Mykhailovych
15824,165,1,Лабазюк,Сергій,Петрович,,,3002.0,8.0,527.0,4.0,1,50,,188,68,2019-08-29T00:00:00,,,1980-06-04T00:00:00,26,1,6.0,2.0,2.0,2.0,Labaziuk,Serhii,Petrovych
8806,374,2,Лабунська,Анжеліка,Вікторівна,3027.0,918.0,3006.0,8.0,574.0,359.0,2,17,13,,,2019-08-29T00:00:00,,,1967-11-02T00:00:00,19,8,9.0,2.0,2.0,2.0,Labunska,Anzhelika,Viktorivna
2179,426,1,Ларін,Сергій,Миколайович,3026.0,918.0,3024.0,7.0,82.0,16.0,2,227,8,,,2019-09-03T00:00:00,,,1962-01-11T00:00:00,25,0,8.0,4.0,4.0,4.0,Larin,Serhii,Mykolaiovych
21185,112,1,Леонов,Олексій,Олександрович,3025.0,918.0,3168.0,917.0,20.0,4.0,1,50,,135,51,2019-08-29T00:00:00,,,1983-02-26T00:00:00,27,0,2.0,1.0,1.0,1.0,Leonov,Oleksii,Oleksandrovych
21186,223,1,Лерос,Гео,Багратович,3025.0,918.0,3144.0,1033.0,61.0,4.0,2,50,23,,,2019-08-29T00:00:00,,,1989-04-24T00:00:00,26,1,2.0,1.0,1.0,1.0,Leros,Heo,Bahratovych
21187,178,2,Лис,Олена,Георгіївна,3025.0,918.0,3077.0,917.0,,,1,50,,201,74,2019-08-29T00:00:00,,,1971-06-15T00:00:00,26,1,3.0,3.0,3.0,3.0,Lys,Olena,Heorhiivna
21189,133,1,Литвиненко,Сергій,Анатолійович,3025.0,918.0,3002.0,8.0,48.0,4.0,1,50,,156,56,2019-08-29T00:00:00,,,1968-02-15T00:00:00,27,0,6.0,3.0,3.0,3.0,Lytvynenko,Serhii,Anatoliiovych
21192,422,1,Лозинський,Роман,Михайлович,3029.0,918.0,3014.0,916.0,27.0,4.0,2,50,15,,,2019-08-29T00:00:00,,,1994-01-20T00:00:00,24,3,3.0,1.0,1.0,1.0,Lozynskyi,Roman,Mykhailovych
8815,102,1,Лопушанський,Андрій,Ярославович,3028.0,918.0,3004.0,5.0,928.0,4.0,1,220,,125,46,2019-08-29T00:00:00,,,1962-12-04T00:00:00,15,12,8.0,4.0,4.0,4.0,Lopushanskyi,Andrii,Yaroslavovych
18116,43,1,Лубінець,Дмитро,Валерійович,3030.0,920.0,3016.0,4.0,75.0,16.0,1,50,,60,14,2019-08-29T00:00:00,,,1981-07-04T00:00:00,27,0,9.0,6.0,6.0,6.0,Lubinets,Dmytro,Valeriiovych
21193,90,1,Лукашев,Олександр,Анатолійович,3026.0,918.0,3015.0,916.0,48.0,4.0,1,227,,113,43,2019-08-29T00:00:00,,,1976-04-01T00:00:00,24,3,8.0,1.0,1.0,1.0,Lukashev,Oleksandr,Anatoliiovych
15662,53,1,Лунченко,Валерій,Валерійович,,,3057.0,917.0,527.0,4.0,1,50,,71,21,2019-08-29T00:00:00,,,1982-10-13T00:00:00,27,0,12.0,7.0,7.0,7.0,Lunchenko,Valerii,Valeriiovych
15647,400,2,Луценко,Ірина,Степанівна,3028.0,918.0,3006.0,8.0,427.0,16.0,2,228,15,,,2019-08-29T00:00:00,,,1966-02-07T00:00:00,9,18,2.0,2.0,2.0,2.0,Lutsenko,Iryna,Stepanivna
7718,329,1,Льовочкін,Сергій,Володимирович,3026.0,918.0,3013.0,8.0,61.0,4.0,2,227,5,,,2019-08-29T00:00:00,,,1972-07-17T00:00:00,23,4,6.0,2.0,2.0,2.0,Lovochkin,Serhii,Volodymyrovych
11109,345,2,Льовочкіна,Юлія,Володимирівна,3026.0,918.0,3010.0,5.0,75.0,16.0,2,227,21,,,2019-08-29T00:00:00,,,1977-02-17T00:00:00,22,5,6.0,3.0,3.0,3.0,Lovochkina,Yuliia,Volodymyrivna
21194,154,1,Любота,Дмитро,Валерійович,3025.0,918.0,3178.0,917.0,834.0,16.0,1,50,,177,63,2019-08-29T00:00:00,,,1981-01-09T00:00:00,27,0,5.0,2.0,2.0,2.0,Liubota,Dmytro,Valeriiovych
18117,143,1,Люшняк,Микола,Володимирович,,,3004.0,8.0,,,1,50,,166,61,2019-08-29T00:00:00,,,1974-02-08T00:00:00,26,1,2.0,2.0,2.0,2.0,Liushniak,Mykola,Volodymyrovych
21195,125,2,Ляшенко,Анастасія,Олексіївна,3025.0,918.0,3023.0,8.0,928.0,4.0,1,50,,148,53,2019-08-29T00:00:00,,,1986-11-07T00:00:00,25,2,7.0,2.0,2.0,2.0,Liashenko,Anastasiia,Oleksiivna
21252,132,1,М'ялик,Віктор,Ничипорович,3030.0,920.0,3014.0,8.0,527.0,4.0,1,50,,155,56,2019-08-29T00:00:00,,,1979-05-10T00:00:00,27,0,12.0,2.0,2.0,2.0,Mialyk,Viktor,Nychyporovych
21237,62,1,Мінько,Сергій,Анатолійович,3030.0,920.0,3018.0,7.0,27.0,4.0,1,50,,80,23,2019-08-29T00:00:00,,,1973-09-20T00:00:00,25,2,10.0,1.0,1.0,1.0,Minko,Serhii,Anatoliiovych
21196,41,1,Магера,Сергій,Васильович,,,,,,,1,213,,58,14,2019-08-29T00:00:00,,,1956-11-08T00:00:00,26,1,1.0,1.0,1.0,1.0,Mahera,Serhii,Vasylovych
21197,32,1,Магомедов,Муса,Сергоєвич,,,,,,,1,50,,45,14,2019-08-29T00:00:00,,,1970-04-07T00:00:00,26,1,2.0,2.0,2.0,2.0,Mahomedov,Musa,Serhoievych
21198,180,1,Мазурашу,Георгій,Георгійович,3025.0,918.0,3039.0,917.0,928.0,4.0,1,50,,203,74,2019-08-29T00:00:00,,,1971-04-17T00:00:00,25,2,19.0,4.0,4.0,4.0,Mazurashu,Heorhii,Heorhiiovych
21199,353,1,Макаренко,Михайло,Васильович,3026.0,918.0,3088.0,1033.0,,,2,227,29,,,2019-08-29T00:00:00,,,1950-04-09T00:00:00,27,0,6.0,4.0,4.0,4.0,Makarenko,Mykhailo,Vasylovych
21200,414,1,Макаров,Олег,Анатолійович,3029.0,918.0,3017.0,7.0,61.0,4.0,2,50,6,,,2019-08-29T00:00:00,,,1965-07-24T00:00:00,24,3,4.0,1.0,1.0,1.0,Makarov,Oleh,Anatoliiovych
21202,221,1,Малюська,Денис,Леонтійович,,,,,,,2,50,21,,,2019-08-29T00:00:00,2019-08-29T00:00:00,НДУ Особиста письмова заява про складення повноважень,1981-11-19T00:00:00,1,0,,,,,Maliuska,Denys,Leontiiovych
21203,347,1,Мамка,Григорій,Миколайович,3026.0,918.0,3018.0,5.0,834.0,17.0,2,227,23,,,2019-08-29T00:00:00,,,1974-08-18T00:00:00,26,1,5.0,4.0,4.0,4.0,Mamka,Hryhorii,Mykolaiovych
21217,357,1,Мамоян,Суто,Чолоєвич,3026.0,918.0,3018.0,8.0,80.0,16.0,2,227,33,,,2019-08-29T00:00:00,,,1981-12-02T00:00:00,26,1,8.0,3.0,3.0,3.0,Mamoian,Suto,Choloievych
21218,288,1,Маріковський,Олександр,Валерійович,3025.0,918.0,3006.0,5.0,78.0,16.0,2,50,91,,,2019-08-29T00:00:00,,,1982-09-18T00:00:00,27,0,7.0,1.0,1.0,1.0,Marikovskyi,Oleksandr,Valeriiovych
21219,251,1,Марусяк,Олег,Романович,3025.0,918.0,3177.0,917.0,259.0,359.0,2,50,52,,,2019-08-29T00:00:00,,,1968-09-24T00:00:00,25,2,2.0,2.0,2.0,2.0,Marusiak,Oleh,Romanovych
21220,262,2,Марченко,Людмила,Іванівна,3025.0,918.0,3091.0,917.0,61.0,4.0,2,226,63,,,2019-08-29T00:00:00,,,1983-03-28T00:00:00,18,9,4.0,2.0,2.0,2.0,Marchenko,Liudmyla,Ivanivna
21221,170,1,Марчук,Ігор,Петрович,3025.0,918.0,3160.0,917.0,80.0,16.0,1,50,,193,68,2019-08-29T00:00:00,,,1969-02-17T00:00:00,23,4,2.0,2.0,2.0,2.0,Marchuk,Ihor,Petrovych
21223,68,1,Матусевич,Олександр,Борисович,3025.0,918.0,3002.0,8.0,27.0,4.0,1,50,,86,26,2019-08-29T00:00:00,,,1974-03-20T00:00:00,23,4,4.0,1.0,1.0,1.0,Matusevych,Oleksandr,Borysovych
1934,327,1,Медведчук,Віктор,Володимирович,3026.0,918.0,3016.0,8.0,,,2,227,3,,,2019-08-29T00:00:00,,,1954-08-07T00:00:00,26,1,19.0,0.0,0.0,0.0,Medvedchuk,Viktor,Volodymyrovych
21226,18,1,Медяник,В'ячеслав,Анатолійович,3025.0,918.0,3069.0,917.0,61.0,4.0,1,50,,27,12,2019-08-29T00:00:00,,,1987-08-03T00:00:00,26,1,8.0,3.0,3.0,3.0,Medianyk,Viacheslav,Anatoliiovych
21228,145,2,Мезенцева,Марія,Сергіївна,3025.0,918.0,3181.0,1033.0,75.0,16.0,1,50,,168,63,2019-08-29T00:00:00,,,1989-12-10T00:00:00,22,5,7.0,1.0,1.0,1.0,Mezentseva,Mariia,Serhiivna
21230,9,1,Мейдич,Олег,Леонідович,3027.0,918.0,3002.0,916.0,930.0,359.0,1,17,,18,5,2019-08-29T00:00:00,,,1970-11-24T00:00:00,27,0,5.0,2.0,2.0,2.0,Meidych,Oleh,Leonidovych
21231,63,1,Мельник,Павло,Вікторович,3025.0,918.0,3183.0,917.0,834.0,16.0,1,50,,81,23,2019-08-29T00:00:00,,,1984-06-26T00:00:00,27,0,1.0,0.0,0.0,0.0,Melnyk,Pavlo,Viktorovych
21232,282,1,Мережко,Олександр,Олександрович,3025.0,918.0,3118.0,917.0,75.0,16.0,2,50,85,,,2019-08-29T00:00:00,,,1971-02-14T00:00:00,27,0,5.0,0.0,0.0,0.0,Merezhko,Oleksandr,Oleksandrovych
21233,158,1,Микиша,Дмитро,Сергійович,3025.0,918.0,3014.0,8.0,48.0,4.0,1,50,,181,63,2019-08-29T00:00:00,,,1985-09-04T00:00:00,22,5,4.0,2.0,2.0,2.0,Mykysha,Dmytro,Serhiiovych
21234,19,1,Мисягін,Юрій,Михайлович,3025.0,1029.0,3013.0,5.0,27.0,4.0,1,50,,28,12,2019-08-29T00:00:00,,,1974-03-21T00:00:00,25,2,2.0,2.0,2.0,2.0,Mysiahin,Yurii,Mykhailovych
21236,246,2,Михайлюк,Галина,Олегівна,3025.0,918.0,3018.0,5.0,27.0,4.0,2,50,47,,,2019-08-29T00:00:00,,,1987-06-14T00:00:00,25,2,2.0,0.0,0.0,0.0,Mykhailiuk,Halyna,Olehivna
21238,127,1,Мовчан,Олексій,Васильович,3025.0,918.0,3162.0,917.0,27.0,4.0,1,50,,150,53,2019-08-29T00:00:00,,,1994-02-12T00:00:00,23,4,4.0,1.0,1.0,1.0,Movchan,Oleksii,Vasylovych
21239,299,1,Мокан,Василь,Іванович,3025.0,918.0,3038.0,1033.0,48.0,4.0,2,50,103,,,2019-08-29T00:00:00,,,1985-04-19T00:00:00,24,3,5.0,3.0,3.0,3.0,Mokan,Vasyl,Ivanovych
15810,137,1,Молоток,Ігор,Федорович,,,3061.0,917.0,,,1,50,,160,59,2019-08-29T00:00:00,,,1967-06-04T00:00:00,26,1,8.0,4.0,4.0,4.0,Molotok,Ihor,Fedorovych
21241,219,1,Монастирський,Денис,Анатолійович,3025.0,918.0,3018.0,4.0,527.0,4.0,2,50,19,,,2019-08-29T00:00:00,,,1980-06-12T00:00:00,25,2,,,,,Monastyrskyi,Denys,Anatoliiovych
21243,42,1,Мороз,Володимир,Вікторович,3026.0,918.0,3135.0,917.0,27.0,4.0,1,227,,59,14,2019-08-29T00:00:00,,,1967-10-24T00:00:00,24,3,9.0,1.0,1.0,1.0,Moroz,Volodymyr,Viktorovych
21244,290,1,Мотовиловець,Андрій,Вікторович,3025.0,918.0,3020.0,8.0,,,2,50,93,,,2019-08-29T00:00:00,,,1982-04-29T00:00:00,24,3,,,,,Motovylovets,Andrii,Viktorovych
21246,255,2,Мошенець,Олена,Володимирівна,3025.0,918.0,3003.0,5.0,76.0,718.0,2,50,56,,,2019-08-29T00:00:00,,,1983-03-06T00:00:00,26,1,2.0,2.0,2.0,2.0,Moshenets,Olena,Volodymyrivna
21248,271,1,Мулик,Роман,Миронович,3025.0,1029.0,3008.0,5.0,48.0,4.0,2,50,73,,,2019-08-29T00:00:00,,,1973-06-18T00:00:00,25,2,3.0,0.0,0.0,0.0,Mulyk,Roman,Myronovych
21250,82,1,Мурдій,Ігор,Юрійович,3025.0,918.0,3022.0,8.0,527.0,4.0,1,50,,100,35,2019-08-29T00:00:00,,,1982-08-08T00:00:00,26,1,5.0,3.0,3.0,3.0,Murdii,Ihor,Yuriiovych
21261,64,2,Нікітіна,Марина,Вікторівна,3025.0,918.0,3002.0,8.0,48.0,4.0,1,50,,82,23,2019-08-29T00:00:00,,,1986-04-16T00:00:00,27,0,7.0,2.0,2.0,2.0,Nikitina,Maryna,Viktorivna
21262,380,1,Ніколаєнко,Андрій,Іванович,3027.0,918.0,3165.0,917.0,48.0,4.0,2,50,19,,,2019-08-29T00:00:00,,,1979-06-23T00:00:00,18,9,6.0,2.0,2.0,2.0,Nikolaienko,Andrii,Ivanovych
18037,330,1,Німченко,Василь,Іванович,3026.0,918.0,3017.0,916.0,834.0,17.0,2,227,6,,,2019-08-29T00:00:00,,,1950-09-13T00:00:00,27,0,7.0,3.0,3.0,3.0,Nimchenko,Vasyl,Ivanovych
21254,293,1,Нагаєвський,Артем,Сергійович,3025.0,918.0,3149.0,917.0,27.0,4.0,2,226,96,,,2019-08-29T00:00:00,,,1983-01-24T00:00:00,27,0,5.0,3.0,3.0,3.0,Nahaievskyi,Artem,Serhiiovych
21255,176,1,Нагорняк,Сергій,Володимирович,3025.0,918.0,3137.0,917.0,61.0,4.0,1,50,,199,71,2019-08-29T00:00:00,,,1982-05-13T00:00:00,19,8,15.0,6.0,6.0,6.0,Nahorniak,Serhii,Volodymyrovych
15666,364,1,Наливайченко,Валентин,Олександрович,3027.0,918.0,3011.0,7.0,76.0,101.0,2,50,3,,,2019-08-29T00:00:00,,,1966-06-08T00:00:00,27,0,7.0,4.0,4.0,4.0,Nalyvaichenko,Valentyn,Oleksandrovych
21256,121,1,Нальотов,Дмитро,Олександрович,3025.0,918.0,3146.0,917.0,27.0,4.0,1,50,,144,53,2019-08-29T00:00:00,,,1985-04-28T00:00:00,24,3,2.0,1.0,1.0,1.0,Nalotov,Dmytro,Oleksandrovych
21257,214,1,Наталуха,Дмитро,Андрійович,3025.0,918.0,3007.0,4.0,75.0,17.0,2,50,14,,,2019-08-29T00:00:00,,,1987-09-15T00:00:00,18,9,4.0,1.0,1.0,1.0,Natalukha,Dmytro,Andriiovych
21258,107,1,Негулевський,Ігор,Петрович,3025.0,918.0,3098.0,917.0,928.0,4.0,1,50,,130,48,2019-08-29T00:00:00,,,1983-12-06T00:00:00,27,0,9.0,1.0,1.0,1.0,Nehulevskyi,Ihor,Petrovych
21259,235,1,Неклюдов,Владлен,Михайлович,3025.0,918.0,3064.0,917.0,313.0,6.0,2,50,36,,,2019-08-29T00:00:00,,,1973-10-13T00:00:00,26,1,3.0,1.0,1.0,1.0,Nekliudov,Vladlen,Mykhailovych
8830,369,1,Немиря,Григорій,Михайлович,3027.0,918.0,3054.0,1034.0,77.0,77.0,2,17,8,,,2019-08-29T00:00:00,,,1960-04-05T00:00:00,20,7,6.0,3.0,3.0,3.0,Nemyria,Hryhorii,Mykhailovych
21260,17,1,Нестеренко,Кирилл,Олександрович,3025.0,918.0,3044.0,917.0,48.0,4.0,1,50,,26,12,2019-08-29T00:00:00,,,1993-02-08T00:00:00,26,1,9.0,3.0,3.0,3.0,Nesterenko,Kyryll,Oleksandrovych
21263,323,1,Новіков,Михайло,Миколайович,3025.0,918.0,3116.0,917.0,,,2,50,127,,,2019-08-29T00:00:00,,,1965-11-15T00:00:00,27,0,5.0,2.0,2.0,2.0,Novikov,Mykhailo,Mykolaiovych
17108,40,1,Новинський,Вадим,Владиславович,,,3016.0,8.0,,,1,213,,57,14,2019-08-29T00:00:00,,,1963-06-03T00:00:00,26,1,9.0,1.0,1.0,1.0,Novynskyi,Vadym,Vladyslavovych
21264,249,2,Новосад,Ганна,Ігорівна,,,,,,,2,50,50,,,2019-08-29T00:00:00,2019-08-29T00:00:00,НДУ Особиста письмова заява про складення повноважень,1990-07-28T00:00:00,1,0,,,,,Novosad,Hanna,Ihorivna
21242,281,2,Овчинникова,Юлія,Юріївна,3025.0,918.0,3042.0,917.0,75.0,16.0,2,50,84,,,2019-08-29T00:00:00,,,1985-03-24T00:00:00,27,0,17.0,2.0,2.0,2.0,Ovchynnykova,Yuliia,Yuriivna
21245,147,1,Одарченко,Андрій,Миколайович,3025.0,918.0,3003.0,8.0,48.0,4.0,1,50,,170,63,2019-08-29T00:00:00,,,1978-11-02T00:00:00,17,10,5.0,2.0,2.0,2.0,Odarchenko,Andrii,Mykolaiovych
21247,216,1,Оржель,Олексій,Анатолійович,,,,,,,2,50,16,,,2019-08-29T00:00:00,2019-08-29T00:00:00,НДУ Особиста письмова заява про складення повноважень,1984-01-26T00:00:00,1,0,,,,,Orzhel,Oleksii,Anatoliiovych
21249,420,1,Осадчук,Андрій,Петрович,3029.0,918.0,3018.0,916.0,61.0,4.0,2,50,13,,,2019-08-29T00:00:00,,,1971-11-20T00:00:00,25,2,2.0,1.0,1.0,1.0,Osadchuk,Andrii,Petrovych
21324,427,1,Остапенко,Анатолій,Дмитрович,3025.0,918.0,3021.0,8.0,928.0,4.0,2,226,130,,,2019-09-03T00:00:00,,,1968-02-01T00:00:00,20,5,2.0,2.0,2.0,2.0,Ostapenko,Anatolii,Dmytrovych
21269,300,2,Підласа,Роксолана,Андріївна,3025.0,918.0,3007.0,5.0,61.0,4.0,2,50,104,,,2019-08-29T00:00:00,,,1994-01-25T00:00:00,21,6,2.0,2.0,2.0,2.0,Pidlasa,Roksolana,Andriivna
21270,92,2,Піпа,Наталія,Романівна,3029.0,918.0,3015.0,7.0,,,1,50,,115,46,2019-08-29T00:00:00,,,1983-10-12T00:00:00,25,2,9.0,2.0,2.0,2.0,Pipa,Nataliia,Romanivna
21216,159,1,Павліш,Павло,Васильович,3025.0,918.0,3017.0,8.0,48.0,4.0,1,50,,182,65,2019-08-29T00:00:00,,,1979-12-10T00:00:00,24,3,5.0,1.0,1.0,1.0,Pavlish,Pavlo,Vasylovych
15687,403,1,Павленко,Ростислав,Миколайович,3028.0,918.0,3015.0,8.0,80.0,16.0,2,228,18,,,2019-08-29T00:00:00,,,1976-08-19T00:00:00,26,1,4.0,2.0,2.0,2.0,Pavlenko,Rostyslav,Mykolaiovych
5380,349,1,Павленко,Юрій,Олексійович,3026.0,918.0,3005.0,8.0,76.0,718.0,2,227,25,,,2019-08-29T00:00:00,,,1975-03-20T00:00:00,27,0,7.0,4.0,4.0,4.0,Pavlenko,Yurii,Oleksiiovych
21235,311,1,Павловський,Петро,Іванович,3025.0,918.0,3101.0,917.0,,,2,50,115,,,2019-08-29T00:00:00,,,1981-10-15T00:00:00,27,0,4.0,1.0,1.0,1.0,Pavlovskyi,Petro,Ivanovych
21240,298,1,Павлюк,Максим,Васильович,3025.0,918.0,3018.0,5.0,76.0,718.0,2,50,102,,,2019-08-29T00:00:00,,,1992-06-03T00:00:00,27,0,1.0,1.0,1.0,1.0,Pavliuk,Maksym,Vasylovych
11133,13,1,Палиця,Ігор,Петрович,3030.0,920.0,3023.0,7.0,259.0,359.0,1,224,,22,7,2019-08-29T00:00:00,,,1972-12-10T00:00:00,27,0,3.0,2.0,2.0,2.0,Palytsia,Ihor,Petrovych
5464,337,1,Папієв,Михайло,Миколайович,3026.0,918.0,3019.0,7.0,427.0,77.0,2,227,13,,,2019-08-29T00:00:00,,,1960-10-01T00:00:00,27,0,5.0,2.0,2.0,2.0,Papiiev,Mykhailo,Mykolaiovych
11584,387,1,Парубій,Андрій,Володимирович,3028.0,918.0,3013.0,8.0,574.0,359.0,2,50,2,,,2019-08-29T00:00:00,,,1971-01-31T00:00:00,27,0,7.0,4.0,4.0,4.0,Parubii,Andrii,Volodymyrovych
21251,104,1,Пасічний,Олександр,Станіславович,3025.0,918.0,3004.0,8.0,48.0,4.0,1,50,,127,48,2019-08-29T00:00:00,,,1972-11-03T00:00:00,26,1,2.0,1.0,1.0,1.0,Pasichnyi,Oleksandr,Stanislavovych
21253,2,1,Пашковський,Максим,Ігорович,3025.0,918.0,3022.0,8.0,48.0,4.0,1,50,,11,5,2019-08-29T00:00:00,,,1983-03-24T00:00:00,25,2,2.0,2.0,2.0,2.0,Pashkovskyi,Maksym,Ihorovych
21265,189,1,Перебийніс,Максим,Вікторович,3025.0,918.0,3083.0,917.0,80.0,16.0,1,50,,212,85,2019-08-29T00:00:00,,,1974-12-11T00:00:00,26,1,7.0,2.0,2.0,2.0,Perebyinis,Maksym,Viktorovych
21266,287,1,Петруняк,Євген,Васильович,3025.0,918.0,3023.0,8.0,61.0,4.0,2,50,90,,,2019-08-29T00:00:00,,,1977-07-24T00:00:00,23,4,4.0,1.0,1.0,1.0,Petruniak,Yevhen,Vasylovych
11131,54,1,Петьовка,Василь,Васильович,,,3002.0,8.0,27.0,4.0,1,50,,72,21,2019-08-29T00:00:00,,,1967-01-30T00:00:00,27,0,6.0,2.0,2.0,2.0,Petovka,Vasyl,Vasylovych
21267,152,1,Пивоваров,Євген,Павлович,3025.0,918.0,3142.0,917.0,48.0,4.0,1,50,,175,63,2019-08-29T00:00:00,,,1978-11-04T00:00:00,24,3,1.0,1.0,1.0,1.0,Pyvovarov,Yevhen,Pavlovych
17473,355,2,Плачкова,Тетяна,Михайлівна,3026.0,918.0,3014.0,8.0,78.0,17.0,2,227,31,,,2019-08-29T00:00:00,,,1983-01-05T00:00:00,27,0,2.0,1.0,1.0,1.0,Plachkova,Tetiana,Mykhailivna
21271,324,2,Подгорна,Вікторія,Валентинівна,3025.0,918.0,3024.0,8.0,48.0,4.0,2,50,128,,,2019-08-29T00:00:00,,,1969-02-10T00:00:00,27,0,2.0,0.0,0.0,0.0,Podhorna,Viktoriia,Valentynivna
21272,55,1,Поляк,Владіслав,Миколайович,3030.0,920.0,3014.0,8.0,,,1,50,,73,21,2019-08-29T00:00:00,,,1975-08-10T00:00:00,26,1,21.0,2.0,2.0,2.0,Poliak,Vladislav,Mykolaiovych
21273,183,1,Поляков,Антон,Едуардович,3025.0,918.0,3003.0,8.0,48.0,4.0,1,50,,206,77,2019-08-29T00:00:00,,,1987-11-11T00:00:00,27,0,5.0,4.0,4.0,4.0,Poliakov,Anton,Eduardovych
15760,60,1,Пономарьов,Олександр,Сергійович,3026.0,918.0,3022.0,8.0,48.0,4.0,1,50,,78,23,2019-08-29T00:00:00,,,1962-01-07T00:00:00,26,1,1.0,1.0,1.0,1.0,Ponomarov,Oleksandr,Serhiiovych
2273,386,1,Порошенко,Петро,Олексійович,3028.0,918.0,3011.0,8.0,76.0,101.0,2,228,1,,,2019-08-29T00:00:00,,,1965-09-26T00:00:00,24,3,,,,,Poroshenko,Petro,Oleksiiovych
21274,294,1,Потураєв,Микита,Русланович,3025.0,918.0,3145.0,1033.0,48.0,4.0,2,50,97,,,2019-08-29T00:00:00,,,1970-09-04T00:00:00,16,11,3.0,2.0,2.0,2.0,Poturaiev,Mykyta,Ruslanovych
21275,297,1,Припутень,Дмитро,Сергійович,3025.0,918.0,3138.0,917.0,48.0,4.0,2,50,101,,,2019-08-29T00:00:00,,,1986-05-23T00:00:00,27,0,1.0,0.0,0.0,0.0,Pryputen,Dmytro,Serhiiovych
21282,187,1,Приходько,Борис,Вікторович,,,3007.0,8.0,,,1,50,,210,77,2019-08-29T00:00:00,,,1973-01-23T00:00:00,27,0,,,,,Prykhodko,Borys,Viktorovych
13764,350,2,Приходько,Наталія,Ігорівна,3026.0,918.0,3094.0,917.0,27.0,4.0,2,227,26,,,2019-08-29T00:00:00,,,1981-10-29T00:00:00,25,2,3.0,1.0,1.0,1.0,Prykhodko,Nataliia,Ihorivna
21276,67,1,Прощук,Едуард,Петрович,3025.0,918.0,3006.0,8.0,48.0,4.0,1,50,,85,26,2019-08-29T00:00:00,,,1982-02-19T00:00:00,21,6,4.0,1.0,1.0,1.0,Proshchuk,Eduard,Petrovych
21278,382,1,Пузійчук,Андрій,Вікторович,3027.0,918.0,3019.0,916.0,82.0,17.0,2,17,21,,,2019-08-29T00:00:00,,,1978-06-13T00:00:00,27,0,9.0,3.0,3.0,3.0,Puziichuk,Andrii,Viktorovych
21277,356,1,Пузанов,Олександр,Геннадійович,3026.0,918.0,3017.0,8.0,27.0,4.0,2,227,32,,,2019-08-29T00:00:00,,,1977-02-26T00:00:00,18,9,4.0,2.0,2.0,2.0,Puzanov,Oleksandr,Hennadiiovych
21279,198,2,Пуртова,Анна,Анатоліївна,3025.0,918.0,3059.0,917.0,27.0,4.0,1,226,,221,85,2019-08-29T00:00:00,,,1982-04-15T00:00:00,23,4,3.0,2.0,2.0,2.0,Purtova,Anna,Anatoliivna
20772,278,1,Пушкаренко,Арсеній,Михайлович,3025.0,918.0,3004.0,8.0,574.0,359.0,2,50,81,,,2019-08-29T00:00:00,,,1992-10-10T00:00:00,25,2,7.0,5.0,5.0,5.0,Pushkarenko,Arsenii,Mykhailovych
21207,277,2,Рєпіна,Елла,Анатоліївна,3025.0,918.0,3166.0,917.0,48.0,4.0,2,50,80,,,2019-08-29T00:00:00,,,1973-11-17T00:00:00,27,0,2.0,1.0,1.0,1.0,Riepina,Ella,Anatoliivna
18032,326,1,Рабінович,Вадим,Зіновійович,3026.0,1050.0,3110.0,917.0,,,2,227,2,,,2019-08-29T00:00:00,,,1953-08-04T00:00:00,17,10,9.0,4.0,4.0,4.0,Rabinovych,Vadym,Zinoviiovych
21204,218,1,Радуцький,Михайло,Борисович,3025.0,918.0,3009.0,4.0,928.0,4.0,2,50,18,,,2019-08-29T00:00:00,,,1968-12-05T00:00:00,24,3,3.0,0.0,0.0,0.0,Radutskyi,Mykhailo,Borysovych
21205,201,1,Разумков,Дмитро,Олександрович,1.0,1.0,,,930.0,357.0,2,226,1,,,2019-08-29T00:00:00,,,1983-10-08T00:00:00,27,0,1.0,1.0,1.0,1.0,Razumkov,Dmytro,Oleksandrovych
21206,416,1,Рахманін,Сергій,Іванович,,,3013.0,8.0,574.0,359.0,2,229,8,,,2019-08-29T00:00:00,,,1969-04-17T00:00:00,22,5,4.0,2.0,2.0,2.0,Rakhmanin,Serhii,Ivanovych
21208,11,1,Рубльов,Вячеслав,Володимирович,3025.0,918.0,3126.0,917.0,928.0,6.0,1,50,,20,7,2019-08-29T00:00:00,,,1979-02-25T00:00:00,25,2,15.0,6.0,6.0,6.0,Rublov,Viacheslav,Volodymyrovych
21328,431,2,Руденко,Ольга,Сергіївна,3025.0,918.0,3010.0,8.0,27.0,4.0,2,50,134,,,2019-09-03T00:00:00,,,1979-05-29T00:00:00,17,8,2.0,2.0,2.0,2.0,Rudenko,Olha,Serhiivna
21209,411,2,Рудик,Кіра,Олександрівна,3029.0,918.0,3024.0,916.0,61.0,4.0,2,229,3,,,2019-08-29T00:00:00,,,1985-10-14T00:00:00,24,3,3.0,1.0,1.0,1.0,Rudyk,Kira,Oleksandrivna
21213,94,1,Рущишин,Ярослав,Іванович,3029.0,918.0,3007.0,7.0,80.0,17.0,1,50,,117,46,2019-08-29T00:00:00,,,1967-10-29T00:00:00,27,0,8.0,2.0,2.0,2.0,Rushchyshyn,Yaroslav,Ivanovych
21214,134,2,Рябуха,Тетяна,Василівна,3025.0,918.0,3147.0,917.0,27.0,4.0,1,50,,157,59,2019-08-29T00:00:00,,,1984-12-31T00:00:00,26,1,10.0,2.0,2.0,2.0,Riabukha,Tetiana,Vasylivna
19858,407,1,Саврасов,Максим,Віталійович,3028.0,918.0,3014.0,8.0,27.0,4.0,2,228,22,,,2019-08-29T00:00:00,,,1980-08-07T00:00:00,27,0,7.0,2.0,2.0,2.0,Savrasov,Maksym,Vitaliiovych
21094,265,2,Савченко,Ольга,Станіславівна,3025.0,1029.0,3019.0,5.0,48.0,4.0,2,50,66,,,2019-08-29T00:00:00,,,1989-06-07T00:00:00,23,4,2.0,1.0,1.0,1.0,Savchenko,Olha,Stanislavivna
21095,65,2,Савчук,Оксана,Василівна,,,3103.0,917.0,527.0,4.0,1,117,,83,26,2019-08-29T00:00:00,,,1983-03-20T00:00:00,25,2,8.0,5.0,5.0,5.0,Savchuk,Oksana,Vasylivna
21098,276,1,Салійчук,Олександр,В'ячеславович,3025.0,918.0,3002.0,8.0,928.0,4.0,2,50,79,,,2019-08-29T00:00:00,,,1987-02-25T00:00:00,26,1,6.0,1.0,1.0,1.0,Saliichuk,Oleksandr,Viacheslavovych
21096,256,2,Саладуха,Ольга,Валеріївна,3025.0,918.0,3040.0,917.0,61.0,4.0,2,50,57,,,2019-08-29T00:00:00,,,1983-06-04T00:00:00,14,13,5.0,1.0,1.0,1.0,Saladukha,Olha,Valeriivna
21097,98,1,Саламаха,Орест,Ігорович,3025.0,918.0,3060.0,917.0,20.0,4.0,1,50,,121,46,2019-08-29T00:00:00,,,1991-03-25T00:00:00,26,1,10.0,3.0,3.0,3.0,Salamakha,Orest,Ihorovych
11432,30,1,Северин,Сергій,Сергійович,3025.0,918.0,3004.0,8.0,61.0,4.0,1,50,,39,12,2019-08-29T00:00:00,,,1980-06-20T00:00:00,27,0,5.0,1.0,1.0,1.0,Severyn,Serhii,Serhiiovych
21100,182,1,Семінський,Олег,Валерійович,3025.0,918.0,3008.0,5.0,928.0,4.0,1,50,,205,77,2019-08-29T00:00:00,,,1973-12-20T00:00:00,20,7,16.0,2.0,2.0,2.0,Seminskyi,Oleh,Valeriiovych
21145,394,1,Синютка,Олег,Михайлович,3028.0,918.0,3095.0,917.0,61.0,4.0,2,228,9,,,2019-08-29T00:00:00,,,1970-02-14T00:00:00,27,0,3.0,2.0,2.0,2.0,Syniutka,Oleh,Mykhailovych
21146,174,1,Скічко,Олександр,Олександрович,3025.0,918.0,3097.0,917.0,75.0,17.0,1,50,,197,71,2019-08-29T00:00:00,,,1991-04-28T00:00:00,25,2,5.0,3.0,3.0,3.0,Skichko,Oleksandr,Oleksandrovych
18033,340,1,Скорик,Микола,Леонідович,3026.0,918.0,3007.0,8.0,78.0,16.0,2,227,16,,,2019-08-29T00:00:00,,,1972-11-27T00:00:00,23,4,14.0,4.0,4.0,4.0,Skoryk,Mykola,Leonidovych
21147,75,2,Скороход,Анна,Костянтинівна,3025.0,918.0,3008.0,8.0,74.0,497.0,1,50,,93,32,2019-08-29T00:00:00,,,1990-01-14T00:00:00,20,7,4.0,3.0,3.0,3.0,Skorokhod,Anna,Kostiantynivna
21148,361,2,Славицька,Антоніна,Керимівна,3026.0,918.0,3003.0,8.0,,,2,227,37,,,2019-08-29T00:00:00,,,1988-04-30T00:00:00,25,2,3.0,3.0,3.0,3.0,Slavytska,Antonina,Kerymivna
386,365,1,Соболєв,Сергій,Владиславович,3027.0,1029.0,3017.0,8.0,75.0,698.0,2,17,4,,,2019-08-29T00:00:00,,,1961-09-05T00:00:00,18,9,19.0,9.0,9.0,9.0,Soboliev,Serhii,Vladyslavovych
21177,269,1,Сова,Олександр,Георгійович,3025.0,918.0,3174.0,917.0,61.0,4.0,2,50,70,,,2019-08-29T00:00:00,,,1972-05-29T00:00:00,23,4,5.0,3.0,3.0,3.0,Sova,Oleksandr,Heorhiiovych
21178,318,2,Совгиря,Ольга,Володимирівна,3025.0,918.0,3115.0,1033.0,834.0,16.0,2,50,122,,,2019-08-29T00:00:00,,,1980-08-06T00:00:00,21,6,3.0,1.0,1.0,1.0,Sovhyria,Olha,Volodymyrivna
21179,423,2,Совсун,Інна,Романівна,3029.0,918.0,3081.0,917.0,61.0,4.0,2,229,16,,,2019-08-29T00:00:00,,,1984-09-21T00:00:00,23,4,2.0,2.0,2.0,2.0,Sovsun,Inna,Romanivna
18135,34,1,Солод,Юрій,Васильович,3026.0,918.0,3023.0,8.0,48.0,4.0,1,227,,47,14,2019-08-29T00:00:00,,,1972-04-27T00:00:00,18,9,4.0,3.0,3.0,3.0,Solod,Yurii,Vasylovych
21180,232,1,Соломчук,Дмитро,Вікторович,3025.0,1029.0,3002.0,8.0,48.0,4.0,2,50,33,,,2019-08-29T00:00:00,,,1980-10-01T00:00:00,21,6,2.0,2.0,2.0,2.0,Solomchuk,Dmytro,Viktorovych
21181,321,1,Сольський,Микола,Тарасович,3025.0,918.0,3002.0,4.0,,,2,50,125,,,2019-08-29T00:00:00,,,1979-05-22T00:00:00,24,3,,,,,Solskyi,Mykola,Tarasovych
21182,57,1,Соха,Роман,Васильович,3025.0,918.0,3204.0,917.0,,,1,226,,75,23,2019-08-29T00:00:00,,,1975-10-18T00:00:00,26,1,8.0,2.0,2.0,2.0,Sokha,Roman,Vasylovych
21183,245,1,Стернійчук,Валерій,Олександрович,3025.0,918.0,3003.0,8.0,928.0,4.0,2,226,46,,,2019-08-29T00:00:00,,,1981-06-18T00:00:00,20,7,5.0,1.0,1.0,1.0,Sterniichuk,Valerii,Oleksandrovych
21184,418,2,Стефанишина,Ольга,Анатоліївна,3029.0,918.0,3009.0,8.0,61.0,4.0,2,229,10,,,2019-08-29T00:00:00,,,1983-05-14T00:00:00,24,3,2.0,2.0,2.0,2.0,Stefanyshyna,Olha,Anatoliivna
21210,164,1,Стефанчук,Микола,Олексійович,3025.0,918.0,3017.0,8.0,61.0,4.0,1,50,,187,68,2019-08-29T00:00:00,,,1981-05-04T00:00:00,21,6,19.0,3.0,3.0,3.0,Stefanchuk,Mykola,Oleksiiovych
21211,202,1,Стефанчук,Руслан,Олексійович,1.0,2.0,,,74.0,798.0,2,50,2,,,2019-08-29T00:00:00,,,1975-10-29T00:00:00,25,2,4.0,2.0,2.0,2.0,Stefanchuk,Ruslan,Oleksiiovych
13687,335,1,Столар,Вадим,Михайлович,3026.0,918.0,3002.0,8.0,48.0,4.0,2,227,11,,,2019-08-29T00:00:00,,,1982-08-10T00:00:00,15,12,7.0,2.0,2.0,2.0,Stolar,Vadym,Mykhailovych
21222,173,1,Стріхарський,Андрій,Петрович,3025.0,918.0,3014.0,8.0,61.0,4.0,1,50,,196,71,2019-08-29T00:00:00,,,1981-08-04T00:00:00,19,8,4.0,0.0,0.0,0.0,Strikharskyi,Andrii,Petrovych
21224,239,1,Струневич,Вадим,Олегович,3025.0,1029.0,3021.0,5.0,,,2,50,40,,,2019-08-29T00:00:00,,,1982-11-24T00:00:00,26,1,4.0,2.0,2.0,2.0,Strunevych,Vadym,Olehovych
2272,341,1,Суркіс,Григорій,Михайлович,3026.0,918.0,3012.0,7.0,259.0,359.0,2,227,17,,,2019-08-29T00:00:00,,,1949-09-04T00:00:00,26,1,7.0,2.0,2.0,2.0,Surkis,Hryhorii,Mykhailovych
21227,88,1,Сухов,Олександр,Сергійович,,,3022.0,8.0,,,1,225,,107,43,2019-08-29T00:00:00,,,1984-05-20T00:00:00,27,0,5.0,3.0,3.0,3.0,Sukhov,Oleksandr,Serhiiovych
21229,228,1,Сушко,Павло,Миколайович,3025.0,1029.0,3148.0,917.0,257.0,359.0,2,226,28,,,2019-08-29T00:00:00,,,1979-11-16T00:00:00,23,4,4.0,0.0,0.0,0.0,Sushko,Pavlo,Mykolaiovych
17948,401,2,Сюмар,Вікторія,Петрівна,3028.0,918.0,3003.0,8.0,527.0,4.0,2,50,16,,,2019-08-29T00:00:00,,,1977-10-23T00:00:00,27,0,2.0,2.0,2.0,2.0,Siumar,Viktoriia,Petrivna
21093,307,1,Тістик,Ростислав,Ярославович,3025.0,918.0,3004.0,8.0,928.0,4.0,2,50,111,,,2019-08-29T00:00:00,,,1993-10-09T00:00:00,19,8,7.0,3.0,3.0,3.0,Tistyk,Rostyslav,Yaroslavovych
21086,320,1,Тарасенко,Тарас,Петрович,3025.0,918.0,3108.0,917.0,313.0,5.0,2,50,124,,,2019-08-29T00:00:00,,,1980-07-26T00:00:00,24,3,5.0,1.0,1.0,1.0,Tarasenko,Taras,Petrovych
21088,272,1,Тарасов,Олег,Сергійович,3025.0,918.0,3154.0,917.0,48.0,4.0,2,50,74,,,2019-08-29T00:00:00,,,1984-02-26T00:00:00,20,7,5.0,3.0,3.0,3.0,Tarasov,Oleh,Serhiiovych
18140,363,1,Тарута,Сергій,Олексійович,3027.0,918.0,3007.0,916.0,928.0,4.0,2,50,2,,,2019-08-29T00:00:00,,,1955-07-23T00:00:00,4,23,3.0,2.0,2.0,2.0,Taruta,Serhii,Oleksiiovych
21089,71,1,Тимофійчук,Володимир,Ярославович,3025.0,918.0,3002.0,8.0,,,1,226,,89,26,2019-08-29T00:00:00,,,1986-02-17T00:00:00,27,0,4.0,3.0,3.0,3.0,Tymofiichuk,Volodymyr,Yaroslavovych
1792,362,2,Тимошенко,Юлія,Володимирівна,,,3027.0,1028.0,,,2,17,1,,,2019-08-29T00:00:00,,,1960-11-27T00:00:00,22,5,8.0,1.0,1.0,1.0,Tymoshenko,Yuliia,Volodymyrivna
21091,196,1,Тищенко,Микола,Миколайович,3025.0,1029.0,3022.0,5.0,61.0,6.0,1,226,,219,85,2019-08-29T00:00:00,,,1972-05-17T00:00:00,25,2,8.0,2.0,2.0,2.0,Tyshchenko,Mykola,Mykolaiovych
21109,225,1,Ткаченко,Максим,Миколайович,3025.0,1029.0,3016.0,916.0,,,2,226,25,,,2019-08-29T00:00:00,,,1983-01-24T00:00:00,24,3,16.0,1.0,1.0,1.0,Tkachenko,Maksym,Mykolaiovych
21111,209,1,Ткаченко,Олександр,Владиславович,3025.0,918.0,3005.0,4.0,61.0,4.0,2,50,9,,,2019-08-29T00:00:00,,,1966-01-22T00:00:00,18,9,5.0,1.0,1.0,1.0,Tkachenko,Oleksandr,Vladyslavovych
21116,118,1,Ткаченко,Олександр,Михайлович,3025.0,918.0,3003.0,8.0,48.0,4.0,1,50,,141,51,2019-08-29T00:00:00,,,1984-06-15T00:00:00,25,2,7.0,1.0,1.0,1.0,Tkachenko,Oleksandr,Mykhailovych
21118,301,1,Торохтій,Богдан,Григорович,3025.0,918.0,3017.0,8.0,27.0,4.0,2,50,105,,,2019-08-29T00:00:00,,,1984-06-09T00:00:00,26,1,21.0,5.0,5.0,5.0,Torokhtii,Bohdan,Hryhorovych
21119,37,1,Требушкін,Руслан,Валерійович,,,,,48.0,4.0,1,50,,50,14,2019-08-29T00:00:00,,,1975-11-27T00:00:00,16,11,2.0,2.0,2.0,2.0,Trebushkin,Ruslan,Valeriiovych
21121,253,2,Третьякова,Галина,Миколаївна,3025.0,918.0,3021.0,4.0,48.0,4.0,2,50,54,,,2019-08-29T00:00:00,,,1963-01-21T00:00:00,27,0,3.0,1.0,1.0,1.0,Tretiakova,Halyna,Mykolaivna
21201,31,1,Трухін,Олександр,Миколайович,3025.0,918.0,3004.0,5.0,77.0,17.0,1,50,,40,12,2019-08-29T00:00:00,,,1986-11-10T00:00:00,25,2,9.0,1.0,1.0,1.0,Trukhin,Oleksandr,Mykolaiovych
21085,425,1,Умєров,Рустем,Енверович,3029.0,918.0,3016.0,7.0,48.0,4.0,2,50,18,,,2019-08-29T00:00:00,,,1982-04-19T00:00:00,19,8,2.0,2.0,2.0,2.0,Umierov,Rustem,Enverovych
21087,120,1,Урбанський,Анатолій,Ігорович,3030.0,920.0,3004.0,8.0,48.0,4.0,1,50,,143,51,2019-08-29T00:00:00,,,1975-06-21T00:00:00,15,12,7.0,3.0,3.0,3.0,Urbanskyi,Anatolii,Ihorovych
21092,413,2,Устінова,Олександра,Юріївна,3029.0,918.0,3018.0,8.0,259.0,359.0,2,229,5,,,2019-08-29T00:00:00,,,1985-10-02T00:00:00,20,7,3.0,2.0,2.0,2.0,Ustinova,Oleksandra,Yuriivna
21090,283,1,Устенко,Олексій,Олегович,3025.0,918.0,3171.0,917.0,61.0,4.0,2,50,86,,,2019-08-29T00:00:00,,,1994-04-07T00:00:00,23,4,2.0,2.0,2.0,2.0,Ustenko,Oleksii,Olehovych
21080,289,1,Федієнко,Олександр,Павлович,3025.0,918.0,3202.0,1033.0,928.0,4.0,2,50,92,,,2019-08-29T00:00:00,,,1972-04-20T00:00:00,25,2,8.0,1.0,1.0,1.0,Fediienko,Oleksandr,Pavlovych
21079,390,2,Федина,Софія,Романівна,3028.0,918.0,3005.0,8.0,928.0,4.0,2,228,5,,,2019-08-29T00:00:00,,,1984-02-18T00:00:00,27,0,3.0,3.0,3.0,3.0,Fedyna,Sofiia,Romanivna
21082,206,1,Федоров,Михайло,Альбертович,,,,,,,2,50,6,,,2019-08-29T00:00:00,2019-08-29T00:00:00,НДУ Особиста письмова заява про складення повноважень,1991-01-21T00:00:00,1,0,,,,,Fedorov,Mykhailo,Albertovych
5542,151,1,Фельдман,Олександр,Борисович,3026.0,918.0,3006.0,7.0,,,1,225,,174,63,2019-08-29T00:00:00,,,1960-01-06T00:00:00,27,0,15.0,4.0,4.0,4.0,Feldman,Oleksandr,Borysovych
9684,398,2,Фріз,Ірина,Василівна,3028.0,918.0,3003.0,8.0,82.0,17.0,2,228,13,,,2019-08-29T00:00:00,,,1974-09-25T00:00:00,27,0,6.0,1.0,1.0,1.0,Friz,Iryna,Vasylivna
21084,66,1,Фріс,Ігор,Павлович,3025.0,918.0,3117.0,917.0,527.0,4.0,1,50,,84,26,2019-08-29T00:00:00,,,1973-09-29T00:00:00,25,2,3.0,1.0,1.0,1.0,Fris,Ihor,Pavlovych
8671,322,1,Фролов,Павло,Валерійович,3025.0,918.0,3092.0,917.0,76.0,718.0,2,50,126,,,2019-08-29T00:00:00,,,1976-09-01T00:00:00,20,7,4.0,2.0,2.0,2.0,Frolov,Pavlo,Valeriiovych
21078,254,1,Халімон,Павло,Віталійович,3025.0,1029.0,3002.0,5.0,48.0,4.0,2,226,55,,,2019-08-29T00:00:00,,,1983-06-10T00:00:00,25,2,5.0,2.0,2.0,2.0,Khalimon,Pavlo,Vitaliiovych
21081,222,1,Холодов,Андрій,Іванович,3025.0,918.0,3023.0,5.0,48.0,4.0,2,50,22,,,2019-08-29T00:00:00,,,1972-08-20T00:00:00,23,4,1.0,1.0,1.0,1.0,Kholodov,Andrii,Ivanovych
21281,268,2,Хоменко,Олена,Вікторівна,3025.0,918.0,3051.0,917.0,48.0,4.0,2,226,129,,,2019-08-29T00:00:00,,,1975-12-07T00:00:00,23,4,3.0,1.0,1.0,1.0,Khomenko,Olena,Viktorivna
21083,33,1,Христенко,Федір,Володимирович,3026.0,918.0,3002.0,8.0,,,1,227,,46,14,2019-08-29T00:00:00,,,1983-10-11T00:00:00,26,1,1.0,1.0,1.0,1.0,Khrystenko,Fedir,Volodymyrovych
21076,419,1,Цабаль,Володимир,Володимирович,3029.0,918.0,3004.0,7.0,257.0,359.0,2,229,12,,,2019-08-29T00:00:00,,,1985-04-25T00:00:00,24,3,2.0,2.0,2.0,2.0,Tsabal,Volodymyr,Volodymyrovych
12619,428,2,Циба,Тетяна,Вікторівна,3025.0,918.0,3106.0,917.0,61.0,4.0,2,50,131,,,2019-09-03T00:00:00,,,1977-04-15T00:00:00,21,4,8.0,2.0,2.0,2.0,Tsyba,Tetiana,Viktorivna
21077,376,1,Цимбалюк,Михайло,Михайлович,3027.0,918.0,3021.0,916.0,27.0,4.0,2,17,15,,,2019-08-29T00:00:00,,,1964-11-21T00:00:00,27,0,13.0,4.0,4.0,4.0,Tsymbaliuk,Mykhailo,Mykhailovych
21066,142,1,Чайківський,Іван,Адамович,3030.0,920.0,3002.0,7.0,928.0,4.0,1,37,,165,61,2019-08-29T00:00:00,,,1972-05-29T00:00:00,26,1,3.0,1.0,1.0,1.0,Chaikivskyi,Ivan,Adamovych
21068,226,1,Чернєв,Єгор,Володимирович,3025.0,918.0,3203.0,1033.0,82.0,78.0,2,50,26,,,2019-08-29T00:00:00,,,1985-02-05T00:00:00,23,4,2.0,1.0,1.0,1.0,Cherniev,Yehor,Volodymyrovych
21069,115,1,Чернявський,Степан,Миколайович,3025.0,918.0,3002.0,5.0,,,1,50,,138,51,2019-08-29T00:00:00,,,1973-05-04T00:00:00,26,1,4.0,1.0,1.0,1.0,Cherniavskyi,Stepan,Mykolaiovych
21071,393,1,Чийгоз,Ахтем,Зейтуллайович,3028.0,918.0,3109.0,917.0,928.0,4.0,2,50,8,,,2019-08-29T00:00:00,,,1964-12-14T00:00:00,25,2,1.0,1.0,1.0,1.0,Chyihoz,Akhtem,Zeitullaiovych
8314,351,1,Чорний,Віктор,Іванович,3026.0,918.0,3003.0,8.0,27.0,4.0,2,227,27,,,2019-08-29T00:00:00,,,1968-04-06T00:00:00,22,5,29.0,3.0,3.0,3.0,Chornyi,Viktor,Ivanovych
21072,25,1,Чорний,Дмитро,Сергійович,3025.0,918.0,3014.0,8.0,928.0,4.0,1,50,,34,12,2019-08-29T00:00:00,,,1989-10-14T00:00:00,25,2,2.0,1.0,1.0,1.0,Chornyi,Dmytro,Serhiiovych
21074,108,1,Чорноморов,Артем,Олегович,3025.0,918.0,3152.0,917.0,78.0,17.0,1,50,,131,48,2019-08-29T00:00:00,,,1988-03-10T00:00:00,23,4,2.0,1.0,1.0,1.0,Chornomorov,Artem,Olehovych
15803,123,1,Шаповалов,Юрій,Анатолійович,3030.0,920.0,3008.0,7.0,48.0,4.0,1,50,,146,53,2019-08-29T00:00:00,,,1972-03-14T00:00:00,17,10,6.0,2.0,2.0,2.0,Shapovalov,Yurii,Anatoliiovych
20106,91,1,Шахов,Сергій,Володимирович,,,3046.0,917.0,48.0,4.0,1,225,,114,43,2019-08-29T00:00:00,,,1975-05-07T00:00:00,26,1,9.0,2.0,2.0,2.0,Shakhov,Serhii,Volodymyrovych
21059,191,1,Швець,Сергій,Федорович,3025.0,918.0,3020.0,7.0,27.0,4.0,1,50,,214,85,2019-08-29T00:00:00,,,1976-06-13T00:00:00,23,4,6.0,1.0,1.0,1.0,Shvets,Serhii,Fedorovych
21062,58,1,Шевченко,Євгеній,Володимирович,3025.0,918.0,3159.0,917.0,,,1,50,,76,23,2019-08-29T00:00:00,,,1972-05-04T00:00:00,21,6,9.0,3.0,3.0,3.0,Shevchenko,Yevhenii,Volodymyrovych
8885,153,1,Шенцев,Дмитро,Олексійович,,,,,,,1,50,,176,63,2019-08-29T00:00:00,,,1964-11-28T00:00:00,24,3,3.0,1.0,1.0,1.0,Shentsev,Dmytro,Oleksiiovych
21064,317,1,Шинкаренко,Іван,Анатолійович,3025.0,918.0,3003.0,8.0,48.0,4.0,2,50,121,,,2019-08-29T00:00:00,,,1986-10-01T00:00:00,25,2,4.0,2.0,2.0,2.0,Shynkarenko,Ivan,Anatoliiovych
21065,316,1,Шипайло,Остап,Ігорович,3025.0,918.0,3134.0,917.0,48.0,4.0,2,50,120,,,2019-08-29T00:00:00,,,1989-01-07T00:00:00,24,3,1.0,1.0,1.0,1.0,Shypailo,Ostap,Ihorovych
16532,383,2,Шкрум,Альона,Іванівна,3027.0,918.0,3014.0,8.0,527.0,4.0,2,17,22,,,2019-08-29T00:00:00,,,1988-01-02T00:00:00,17,10,3.0,2.0,2.0,2.0,Shkrum,Alona,Ivanivna
21067,303,2,Шол,Маргарита,Віталіївна,3025.0,918.0,3155.0,917.0,313.0,6.0,2,50,107,,,2019-08-29T00:00:00,,,1988-09-15T00:00:00,26,1,1.0,1.0,1.0,1.0,Shol,Marharyta,Vitaliivna
21070,171,2,Шпак,Любов,Олександрівна,3025.0,918.0,3062.0,917.0,27.0,4.0,1,50,,194,71,2019-08-29T00:00:00,,,1980-07-19T00:00:00,19,8,2.0,2.0,2.0,2.0,Shpak,Liubov,Oleksandrivna
11096,28,1,Шпенов,Дмитро,Юрійович,,,3017.0,8.0,74.0,497.0,1,50,,37,12,2019-08-29T00:00:00,,,1978-12-20T00:00:00,23,4,14.0,5.0,5.0,5.0,Shpenov,Dmytro,Yuriiovych
21073,59,1,Штепа,Сергій,Сергійович,3025.0,918.0,3024.0,8.0,48.0,4.0,1,50,,77,23,2019-08-29T00:00:00,,,1990-04-30T00:00:00,27,0,9.0,2.0,2.0,2.0,Shtepa,Serhii,Serhiiovych
21075,213,2,Шуляк,Олена,Олексіївна,3025.0,1029.0,3014.0,5.0,834.0,17.0,2,50,13,,,2019-08-29T00:00:00,,,1976-01-24T00:00:00,25,2,7.0,2.0,2.0,2.0,Shuliak,Olena,Oleksiivna
2274,331,1,Шуфрич,Нестор,Іванович,3026.0,918.0,3020.0,4.0,77.0,16.0,2,227,7,,,2019-08-29T00:00:00,,,1966-12-29T00:00:00,27,0,10.0,2.0,2.0,2.0,Shufrych,Nestor,Ivanovych
17980,399,2,Южаніна,Ніна,Петрівна,3028.0,918.0,3023.0,8.0,61.0,4.0,2,228,14,,,2019-08-29T00:00:00,,,1965-01-11T00:00:00,24,3,5.0,3.0,3.0,3.0,Yuzhanina,Nina,Petrivna
21060,263,1,Юнаков,Іван,Сергійович,3025.0,918.0,3130.0,917.0,27.0,4.0,2,50,64,,,2019-08-29T00:00:00,,,1984-01-28T00:00:00,25,2,1.0,1.0,1.0,1.0,Yunakov,Ivan,Serhiiovych
21061,227,1,Юраш,Святослав,Андрійович,3025.0,918.0,3052.0,917.0,928.0,4.0,2,50,27,,,2019-08-29T00:00:00,,,1996-02-16T00:00:00,25,2,7.0,2.0,2.0,2.0,Yurash,Sviatoslav,Andriiovych
21063,188,1,Юрченко,Олександр,Миколайович,3025.0,918.0,3141.0,917.0,27.0,4.0,1,50,,211,85,2019-08-29T00:00:00,,,1988-07-23T00:00:00,10,17,16.0,3.0,3.0,3.0,Yurchenko,Oleksandr,Mykolaiovych
18150,4,1,Юрчишин,Петро,Васильович,3030.0,920.0,3153.0,917.0,928.0,4.0,1,50,,13,5,2019-08-29T00:00:00,,,1958-07-13T00:00:00,27,0,9.0,2.0,2.0,2.0,Yurchyshyn,Petro,Vasylovych
15432,415,1,Юрчишин,Ярослав,Романович,3029.0,918.0,3003.0,916.0,77.0,17.0,2,229,7,,,2019-08-29T00:00:00,,,1980-10-14T00:00:00,26,1,7.0,2.0,2.0,2.0,Yurchyshyn,Yaroslav,Romanovych
21058,295,1,Якименко,Павло,Віталійович,3025.0,918.0,3043.0,917.0,20.0,4.0,2,50,98,,,2019-08-29T00:00:00,,,1989-11-08T00:00:00,19,8,3.0,2.0,2.0,2.0,Yakymenko,Pavlo,Vitaliiovych
21057,39,1,Яковенко,Євген,Геннадійович,,,,,928.0,4.0,1,50,,52,14,2019-08-29T00:00:00,,,1965-06-06T00:00:00,21,6,2.0,0.0,0.0,0.0,Yakovenko,Yevhen,Hennadiiovych
21056,309,2,Яковлєва,Неллі,Іллівна,3025.0,918.0,3111.0,1033.0,930.0,359.0,2,50,113,,,2019-08-29T00:00:00,,,1985-06-21T00:00:00,26,1,7.0,3.0,3.0,3.0,Yakovlieva,Nelli,Illivna
21055,205,2,Янченко,Галина,Ігорівна,3025.0,1029.0,3003.0,5.0,48.0,4.0,2,50,5,,,2019-08-29T00:00:00,,,1988-04-29T00:00:00,22,5,6.0,2.0,2.0,2.0,Yanchenko,Halyna,Ihorivna
21054,192,1,Яременко,Богдан,Васильович,3025.0,918.0,3010.0,4.0,74.0,798.0,1,50,,215,85,2019-08-29T00:00:00,,,1971-09-25T00:00:00,25,2,16.0,2.0,2.0,2.0,Yaremenko,Bohdan,Vasylovych
21053,215,2,Ясько,Єлизавета,Олексіївна,3025.0,918.0,3048.0,917.0,48.0,4.0,2,50,15,,,2019-08-29T00:00:00,,,1990-10-17T00:00:00,20,7,2.0,1.0,1.0,1.0,Yasko,Yelyzaveta,Oleksiivna
4339,177,1,Яценко,Антон,Володимирович,3030.0,920.0,3006.0,8.0,,,1,50,,200,71,2019-08-29T00:00:00,,,1977-07-13T00:00:00,19,8,13.0,11.0,11.0,11.0,Yatsenko,Anton,Volodymyrovych
21052,61,2,Яцик,Юлія,Григорівна,3025.0,918.0,3068.0,917.0,61.0,4.0,1,226,,79,23,2019-08-29T00:00:00,,,1979-08-14T00:00:00,26,1,7.0,1.0,1.0,1.0,Yatsyk,Yuliia,Hryhorivna
